mode: count
github.com/scaleway/scaleway-sdk-go/api/container/v1beta1/container_sdk.go:56.49,57.16 1 0
github.com/scaleway/scaleway-sdk-go/api/container/v1beta1/container_sdk.go:57.16,60.3 1 0
github.com/scaleway/scaleway-sdk-go/api/container/v1beta1/container_sdk.go:61.2,61.21 1 0
github.com/scaleway/scaleway-sdk-go/api/container/v1beta1/container_sdk.go:64.64,70.2 1 0
github.com/scaleway/scaleway-sdk-go/api/container/v1beta1/container_sdk.go:72.63,74.2 1 0
github.com/scaleway/scaleway-sdk-go/api/container/v1beta1/container_sdk.go:76.67,79.51 2 0
github.com/scaleway/scaleway-sdk-go/api/container/v1beta1/container_sdk.go:79.51,81.3 1 0
github.com/scaleway/scaleway-sdk-go/api/container/v1beta1/container_sdk.go:83.2,84.12 2 0
github.com/scaleway/scaleway-sdk-go/api/container/v1beta1/container_sdk.go:95.46,96.16 1 0
github.com/scaleway/scaleway-sdk-go/api/container/v1beta1/container_sdk.go:96.16,99.3 1 0
github.com/scaleway/scaleway-sdk-go/api/container/v1beta1/container_sdk.go:100.2,100.21 1 0
github.com/scaleway/scaleway-sdk-go/api/container/v1beta1/container_sdk.go:103.58,109.2 1 0
github.com/scaleway/scaleway-sdk-go/api/container/v1beta1/container_sdk.go:111.60,113.2 1 0
github.com/scaleway/scaleway-sdk-go/api/container/v1beta1/container_sdk.go:115.64,118.51 2 0
github.com/scaleway/scaleway-sdk-go/api/container/v1beta1/container_sdk.go:118.51,120.3 1 0
github.com/scaleway/scaleway-sdk-go/api/container/v1beta1/container_sdk.go:122.2,123.12 2 0
github.com/scaleway/scaleway-sdk-go/api/container/v1beta1/container_sdk.go:134.47,135.16 1 0
github.com/scaleway/scaleway-sdk-go/api/container/v1beta1/container_sdk.go:135.16,138.3 1 0
github.com/scaleway/scaleway-sdk-go/api/container/v1beta1/container_sdk.go:139.2,139.21 1 0
github.com/scaleway/scaleway-sdk-go/api/container/v1beta1/container_sdk.go:142.60,148.2 1 0
github.com/scaleway/scaleway-sdk-go/api/container/v1beta1/container_sdk.go:150.61,152.2 1 0
github.com/scaleway/scaleway-sdk-go/api/container/v1beta1/container_sdk.go:154.65,157.51 2 0
github.com/scaleway/scaleway-sdk-go/api/container/v1beta1/container_sdk.go:157.51,159.3 1 0
github.com/scaleway/scaleway-sdk-go/api/container/v1beta1/container_sdk.go:161.2,162.12 2 0
github.com/scaleway/scaleway-sdk-go/api/container/v1beta1/container_sdk.go:176.46,177.16 1 0
github.com/scaleway/scaleway-sdk-go/api/container/v1beta1/container_sdk.go:177.16,180.3 1 0
github.com/scaleway/scaleway-sdk-go/api/container/v1beta1/container_sdk.go:181.2,181.21 1 0
github.com/scaleway/scaleway-sdk-go/api/container/v1beta1/container_sdk.go:184.58,190.2 1 0
github.com/scaleway/scaleway-sdk-go/api/container/v1beta1/container_sdk.go:192.60,194.2 1 0
github.com/scaleway/scaleway-sdk-go/api/container/v1beta1/container_sdk.go:196.64,199.51 2 0
github.com/scaleway/scaleway-sdk-go/api/container/v1beta1/container_sdk.go:199.51,201.3 1 0
github.com/scaleway/scaleway-sdk-go/api/container/v1beta1/container_sdk.go:203.2,204.12 2 0
github.com/scaleway/scaleway-sdk-go/api/container/v1beta1/container_sdk.go:231.45,232.16 1 0
github.com/scaleway/scaleway-sdk-go/api/container/v1beta1/container_sdk.go:232.16,235.3 1 0
github.com/scaleway/scaleway-sdk-go/api/container/v1beta1/container_sdk.go:236.2,236.21 1 0
github.com/scaleway/scaleway-sdk-go/api/container/v1beta1/container_sdk.go:239.56,252.2 1 0
github.com/scaleway/scaleway-sdk-go/api/container/v1beta1/container_sdk.go:254.59,256.2 1 0
github.com/scaleway/scaleway-sdk-go/api/container/v1beta1/container_sdk.go:258.63,261.51 2 0
github.com/scaleway/scaleway-sdk-go/api/container/v1beta1/container_sdk.go:261.51,263.3 1 0
github.com/scaleway/scaleway-sdk-go/api/container/v1beta1/container_sdk.go:265.2,266.12 2 0
github.com/scaleway/scaleway-sdk-go/api/container/v1beta1/container_sdk.go:284.40,285.16 1 0
github.com/scaleway/scaleway-sdk-go/api/container/v1beta1/container_sdk.go:285.16,288.3 1 0
github.com/scaleway/scaleway-sdk-go/api/container/v1beta1/container_sdk.go:289.2,289.21 1 0
github.com/scaleway/scaleway-sdk-go/api/container/v1beta1/container_sdk.go:292.46,305.2 1 0
github.com/scaleway/scaleway-sdk-go/api/container/v1beta1/container_sdk.go:307.54,309.2 1 0
github.com/scaleway/scaleway-sdk-go/api/container/v1beta1/container_sdk.go:311.58,314.51 2 0
github.com/scaleway/scaleway-sdk-go/api/container/v1beta1/container_sdk.go:314.51,316.3 1 0
github.com/scaleway/scaleway-sdk-go/api/container/v1beta1/container_sdk.go:318.2,319.12 2 0
github.com/scaleway/scaleway-sdk-go/api/container/v1beta1/container_sdk.go:344.42,345.16 1 0
github.com/scaleway/scaleway-sdk-go/api/container/v1beta1/container_sdk.go:345.16,348.3 1 0
github.com/scaleway/scaleway-sdk-go/api/container/v1beta1/container_sdk.go:349.2,349.21 1 0
github.com/scaleway/scaleway-sdk-go/api/container/v1beta1/container_sdk.go:352.50,364.2 1 0
github.com/scaleway/scaleway-sdk-go/api/container/v1beta1/container_sdk.go:366.56,368.2 1 0
github.com/scaleway/scaleway-sdk-go/api/container/v1beta1/container_sdk.go:370.60,373.51 2 0
github.com/scaleway/scaleway-sdk-go/api/container/v1beta1/container_sdk.go:373.51,375.3 1 0
github.com/scaleway/scaleway-sdk-go/api/container/v1beta1/container_sdk.go:377.2,378.12 2 0
github.com/scaleway/scaleway-sdk-go/api/container/v1beta1/container_sdk.go:390.58,391.16 1 0
github.com/scaleway/scaleway-sdk-go/api/container/v1beta1/container_sdk.go:391.16,394.3 1 0
github.com/scaleway/scaleway-sdk-go/api/container/v1beta1/container_sdk.go:395.2,395.21 1 0
github.com/scaleway/scaleway-sdk-go/api/container/v1beta1/container_sdk.go:398.82,405.2 1 0
github.com/scaleway/scaleway-sdk-go/api/container/v1beta1/container_sdk.go:407.72,409.2 1 0
github.com/scaleway/scaleway-sdk-go/api/container/v1beta1/container_sdk.go:411.76,414.51 2 0
github.com/scaleway/scaleway-sdk-go/api/container/v1beta1/container_sdk.go:414.51,416.3 1 0
github.com/scaleway/scaleway-sdk-go/api/container/v1beta1/container_sdk.go:418.2,419.12 2 0
github.com/scaleway/scaleway-sdk-go/api/container/v1beta1/container_sdk.go:429.53,430.16 1 0
github.com/scaleway/scaleway-sdk-go/api/container/v1beta1/container_sdk.go:430.16,433.3 1 0
github.com/scaleway/scaleway-sdk-go/api/container/v1beta1/container_sdk.go:434.2,434.21 1 0
github.com/scaleway/scaleway-sdk-go/api/container/v1beta1/container_sdk.go:437.72,442.2 1 0
github.com/scaleway/scaleway-sdk-go/api/container/v1beta1/container_sdk.go:444.67,446.2 1 0
github.com/scaleway/scaleway-sdk-go/api/container/v1beta1/container_sdk.go:448.71,451.51 2 0
github.com/scaleway/scaleway-sdk-go/api/container/v1beta1/container_sdk.go:451.51,453.3 1 0
github.com/scaleway/scaleway-sdk-go/api/container/v1beta1/container_sdk.go:455.2,456.12 2 0
github.com/scaleway/scaleway-sdk-go/api/container/v1beta1/container_sdk.go:468.55,469.16 1 0
github.com/scaleway/scaleway-sdk-go/api/container/v1beta1/container_sdk.go:469.16,472.3 1 0
github.com/scaleway/scaleway-sdk-go/api/container/v1beta1/container_sdk.go:473.2,473.21 1 0
github.com/scaleway/scaleway-sdk-go/api/container/v1beta1/container_sdk.go:476.76,483.2 1 0
github.com/scaleway/scaleway-sdk-go/api/container/v1beta1/container_sdk.go:485.69,487.2 1 0
github.com/scaleway/scaleway-sdk-go/api/container/v1beta1/container_sdk.go:489.73,492.51 2 0
github.com/scaleway/scaleway-sdk-go/api/container/v1beta1/container_sdk.go:492.51,494.3 1 0
github.com/scaleway/scaleway-sdk-go/api/container/v1beta1/container_sdk.go:496.2,497.12 2 0
github.com/scaleway/scaleway-sdk-go/api/container/v1beta1/container_sdk.go:509.58,510.16 1 1
github.com/scaleway/scaleway-sdk-go/api/container/v1beta1/container_sdk.go:510.16,513.3 1 1
github.com/scaleway/scaleway-sdk-go/api/container/v1beta1/container_sdk.go:514.2,514.21 1 0
github.com/scaleway/scaleway-sdk-go/api/container/v1beta1/container_sdk.go:517.82,524.2 1 0
github.com/scaleway/scaleway-sdk-go/api/container/v1beta1/container_sdk.go:526.72,528.2 1 0
github.com/scaleway/scaleway-sdk-go/api/container/v1beta1/container_sdk.go:530.76,533.51 2 0
github.com/scaleway/scaleway-sdk-go/api/container/v1beta1/container_sdk.go:533.51,535.3 1 0
github.com/scaleway/scaleway-sdk-go/api/container/v1beta1/container_sdk.go:537.2,538.12 2 0
github.com/scaleway/scaleway-sdk-go/api/container/v1beta1/container_sdk.go:548.54,549.16 1 0
github.com/scaleway/scaleway-sdk-go/api/container/v1beta1/container_sdk.go:549.16,552.3 1 0
github.com/scaleway/scaleway-sdk-go/api/container/v1beta1/container_sdk.go:553.2,553.21 1 0
github.com/scaleway/scaleway-sdk-go/api/container/v1beta1/container_sdk.go:556.74,561.2 1 0
github.com/scaleway/scaleway-sdk-go/api/container/v1beta1/container_sdk.go:563.68,565.2 1 0
github.com/scaleway/scaleway-sdk-go/api/container/v1beta1/container_sdk.go:567.72,570.51 2 0
github.com/scaleway/scaleway-sdk-go/api/container/v1beta1/container_sdk.go:570.51,572.3 1 0
github.com/scaleway/scaleway-sdk-go/api/container/v1beta1/container_sdk.go:574.2,575.12 2 0
github.com/scaleway/scaleway-sdk-go/api/container/v1beta1/container_sdk.go:587.56,588.16 1 0
github.com/scaleway/scaleway-sdk-go/api/container/v1beta1/container_sdk.go:588.16,591.3 1 0
github.com/scaleway/scaleway-sdk-go/api/container/v1beta1/container_sdk.go:592.2,592.21 1 0
github.com/scaleway/scaleway-sdk-go/api/container/v1beta1/container_sdk.go:595.78,600.2 1 0
github.com/scaleway/scaleway-sdk-go/api/container/v1beta1/container_sdk.go:602.70,604.2 1 0
github.com/scaleway/scaleway-sdk-go/api/container/v1beta1/container_sdk.go:606.74,609.51 2 0
github.com/scaleway/scaleway-sdk-go/api/container/v1beta1/container_sdk.go:609.51,611.3 1 0
github.com/scaleway/scaleway-sdk-go/api/container/v1beta1/container_sdk.go:613.2,614.12 2 0
github.com/scaleway/scaleway-sdk-go/api/container/v1beta1/container_sdk.go:639.45,640.16 1 0
github.com/scaleway/scaleway-sdk-go/api/container/v1beta1/container_sdk.go:640.16,643.3 1 0
github.com/scaleway/scaleway-sdk-go/api/container/v1beta1/container_sdk.go:644.2,644.21 1 0
github.com/scaleway/scaleway-sdk-go/api/container/v1beta1/container_sdk.go:647.56,659.2 1 0
github.com/scaleway/scaleway-sdk-go/api/container/v1beta1/container_sdk.go:661.59,663.2 1 0
github.com/scaleway/scaleway-sdk-go/api/container/v1beta1/container_sdk.go:665.63,668.51 2 0
github.com/scaleway/scaleway-sdk-go/api/container/v1beta1/container_sdk.go:668.51,670.3 1 0
github.com/scaleway/scaleway-sdk-go/api/container/v1beta1/container_sdk.go:672.2,673.12 2 0
github.com/scaleway/scaleway-sdk-go/api/container/v1beta1/container_sdk.go:686.41,687.16 1 0
github.com/scaleway/scaleway-sdk-go/api/container/v1beta1/container_sdk.go:687.16,690.3 1 0
github.com/scaleway/scaleway-sdk-go/api/container/v1beta1/container_sdk.go:691.2,691.21 1 0
github.com/scaleway/scaleway-sdk-go/api/container/v1beta1/container_sdk.go:694.48,702.2 1 0
github.com/scaleway/scaleway-sdk-go/api/container/v1beta1/container_sdk.go:704.55,706.2 1 0
github.com/scaleway/scaleway-sdk-go/api/container/v1beta1/container_sdk.go:708.59,711.51 2 0
github.com/scaleway/scaleway-sdk-go/api/container/v1beta1/container_sdk.go:711.51,713.3 1 0
github.com/scaleway/scaleway-sdk-go/api/container/v1beta1/container_sdk.go:715.2,716.12 2 0
github.com/scaleway/scaleway-sdk-go/api/container/v1beta1/container_sdk.go:732.46,733.16 1 0
github.com/scaleway/scaleway-sdk-go/api/container/v1beta1/container_sdk.go:733.16,736.3 1 0
github.com/scaleway/scaleway-sdk-go/api/container/v1beta1/container_sdk.go:737.2,737.21 1 0
github.com/scaleway/scaleway-sdk-go/api/container/v1beta1/container_sdk.go:740.58,748.2 1 0
github.com/scaleway/scaleway-sdk-go/api/container/v1beta1/container_sdk.go:750.60,752.2 1 0
github.com/scaleway/scaleway-sdk-go/api/container/v1beta1/container_sdk.go:754.64,757.51 2 0
github.com/scaleway/scaleway-sdk-go/api/container/v1beta1/container_sdk.go:757.51,759.3 1 0
github.com/scaleway/scaleway-sdk-go/api/container/v1beta1/container_sdk.go:761.2,762.12 2 0
github.com/scaleway/scaleway-sdk-go/api/container/v1beta1/container_sdk.go:788.43,789.16 1 0
github.com/scaleway/scaleway-sdk-go/api/container/v1beta1/container_sdk.go:789.16,792.3 1 0
github.com/scaleway/scaleway-sdk-go/api/container/v1beta1/container_sdk.go:793.2,793.21 1 0
github.com/scaleway/scaleway-sdk-go/api/container/v1beta1/container_sdk.go:796.52,808.2 1 0
github.com/scaleway/scaleway-sdk-go/api/container/v1beta1/container_sdk.go:810.57,812.2 1 0
github.com/scaleway/scaleway-sdk-go/api/container/v1beta1/container_sdk.go:814.61,817.51 2 0
github.com/scaleway/scaleway-sdk-go/api/container/v1beta1/container_sdk.go:817.51,819.3 1 0
github.com/scaleway/scaleway-sdk-go/api/container/v1beta1/container_sdk.go:821.2,822.12 2 0
github.com/scaleway/scaleway-sdk-go/api/container/v1beta1/container_sdk.go:1587.63,1589.2 1 0
github.com/scaleway/scaleway-sdk-go/api/container/v1beta1/container_sdk.go:1593.72,1595.9 2 0
github.com/scaleway/scaleway-sdk-go/api/container/v1beta1/container_sdk.go:1595.9,1597.3 1 0
github.com/scaleway/scaleway-sdk-go/api/container/v1beta1/container_sdk.go:1599.2,1601.45 3 0
github.com/scaleway/scaleway-sdk-go/api/container/v1beta1/container_sdk.go:1634.58,1636.2 1 0
github.com/scaleway/scaleway-sdk-go/api/container/v1beta1/container_sdk.go:1640.67,1642.9 2 0
github.com/scaleway/scaleway-sdk-go/api/container/v1beta1/container_sdk.go:1642.9,1644.3 1 0
github.com/scaleway/scaleway-sdk-go/api/container/v1beta1/container_sdk.go:1646.2,1648.40 3 0
github.com/scaleway/scaleway-sdk-go/api/container/v1beta1/container_sdk.go:1681.60,1683.2 1 0
github.com/scaleway/scaleway-sdk-go/api/container/v1beta1/container_sdk.go:1687.69,1689.9 2 0
github.com/scaleway/scaleway-sdk-go/api/container/v1beta1/container_sdk.go:1689.9,1691.3 1 0
github.com/scaleway/scaleway-sdk-go/api/container/v1beta1/container_sdk.go:1693.2,1695.42 3 0
github.com/scaleway/scaleway-sdk-go/api/container/v1beta1/container_sdk.go:1734.63,1736.2 1 0
github.com/scaleway/scaleway-sdk-go/api/container/v1beta1/container_sdk.go:1740.72,1742.9 2 3
github.com/scaleway/scaleway-sdk-go/api/container/v1beta1/container_sdk.go:1742.9,1744.3 1 0
github.com/scaleway/scaleway-sdk-go/api/container/v1beta1/container_sdk.go:1746.2,1748.45 3 3
github.com/scaleway/scaleway-sdk-go/api/container/v1beta1/container_sdk.go:1782.59,1784.2 1 0
github.com/scaleway/scaleway-sdk-go/api/container/v1beta1/container_sdk.go:1788.68,1790.9 2 0
github.com/scaleway/scaleway-sdk-go/api/container/v1beta1/container_sdk.go:1790.9,1792.3 1 0
github.com/scaleway/scaleway-sdk-go/api/container/v1beta1/container_sdk.go:1794.2,1796.41 3 0
github.com/scaleway/scaleway-sdk-go/api/container/v1beta1/container_sdk.go:1838.61,1840.2 1 0
github.com/scaleway/scaleway-sdk-go/api/container/v1beta1/container_sdk.go:1844.70,1846.9 2 0
github.com/scaleway/scaleway-sdk-go/api/container/v1beta1/container_sdk.go:1846.9,1848.3 1 0
github.com/scaleway/scaleway-sdk-go/api/container/v1beta1/container_sdk.go:1850.2,1852.43 3 0
github.com/scaleway/scaleway-sdk-go/api/container/v1beta1/container_sdk.go:2027.38,2031.2 1 1
github.com/scaleway/scaleway-sdk-go/api/container/v1beta1/container_sdk.go:2033.38,2035.2 1 1
github.com/scaleway/scaleway-sdk-go/api/container/v1beta1/container_sdk.go:2038.118,2041.22 2 1
github.com/scaleway/scaleway-sdk-go/api/container/v1beta1/container_sdk.go:2041.22,2044.3 2 1
github.com/scaleway/scaleway-sdk-go/api/container/v1beta1/container_sdk.go:2046.2,2047.58 2 1
github.com/scaleway/scaleway-sdk-go/api/container/v1beta1/container_sdk.go:2047.58,2049.3 1 0
github.com/scaleway/scaleway-sdk-go/api/container/v1beta1/container_sdk.go:2051.2,2059.34 8 1
github.com/scaleway/scaleway-sdk-go/api/container/v1beta1/container_sdk.go:2059.34,2061.3 1 0
github.com/scaleway/scaleway-sdk-go/api/container/v1beta1/container_sdk.go:2063.2,2072.16 4 1
github.com/scaleway/scaleway-sdk-go/api/container/v1beta1/container_sdk.go:2072.16,2074.3 1 0
github.com/scaleway/scaleway-sdk-go/api/container/v1beta1/container_sdk.go:2075.2,2075.19 1 1
github.com/scaleway/scaleway-sdk-go/api/container/v1beta1/container_sdk.go:2079.101,2082.22 2 0
github.com/scaleway/scaleway-sdk-go/api/container/v1beta1/container_sdk.go:2082.22,2085.3 2 0
github.com/scaleway/scaleway-sdk-go/api/container/v1beta1/container_sdk.go:2087.2,2087.34 1 0
github.com/scaleway/scaleway-sdk-go/api/container/v1beta1/container_sdk.go:2087.34,2089.3 1 0
github.com/scaleway/scaleway-sdk-go/api/container/v1beta1/container_sdk.go:2091.2,2091.39 1 0
github.com/scaleway/scaleway-sdk-go/api/container/v1beta1/container_sdk.go:2091.39,2093.3 1 0
github.com/scaleway/scaleway-sdk-go/api/container/v1beta1/container_sdk.go:2095.2,2103.16 4 0
github.com/scaleway/scaleway-sdk-go/api/container/v1beta1/container_sdk.go:2103.16,2105.3 1 0
github.com/scaleway/scaleway-sdk-go/api/container/v1beta1/container_sdk.go:2106.2,2106.19 1 0
github.com/scaleway/scaleway-sdk-go/api/container/v1beta1/container_sdk.go:2118.109,2120.24 2 0
github.com/scaleway/scaleway-sdk-go/api/container/v1beta1/container_sdk.go:2120.24,2122.3 1 0
github.com/scaleway/scaleway-sdk-go/api/container/v1beta1/container_sdk.go:2124.2,2125.30 2 0
github.com/scaleway/scaleway-sdk-go/api/container/v1beta1/container_sdk.go:2125.30,2127.3 1 0
github.com/scaleway/scaleway-sdk-go/api/container/v1beta1/container_sdk.go:2128.2,2137.34 2 0
github.com/scaleway/scaleway-sdk-go/api/container/v1beta1/container_sdk.go:2137.34,2142.18 2 0
github.com/scaleway/scaleway-sdk-go/api/container/v1beta1/container_sdk.go:2142.18,2144.5 1 0
github.com/scaleway/scaleway-sdk-go/api/container/v1beta1/container_sdk.go:2146.4,2148.33 2 0
github.com/scaleway/scaleway-sdk-go/api/container/v1beta1/container_sdk.go:2153.2,2153.16 1 0
github.com/scaleway/scaleway-sdk-go/api/container/v1beta1/container_sdk.go:2153.16,2155.3 1 0
github.com/scaleway/scaleway-sdk-go/api/container/v1beta1/container_sdk.go:2157.2,2157.30 1 0
github.com/scaleway/scaleway-sdk-go/api/container/v1beta1/container_sdk.go:2161.107,2164.22 2 0
github.com/scaleway/scaleway-sdk-go/api/container/v1beta1/container_sdk.go:2164.22,2167.3 2 0
github.com/scaleway/scaleway-sdk-go/api/container/v1beta1/container_sdk.go:2169.2,2169.25 1 0
github.com/scaleway/scaleway-sdk-go/api/container/v1beta1/container_sdk.go:2169.25,2172.3 2 0
github.com/scaleway/scaleway-sdk-go/api/container/v1beta1/container_sdk.go:2174.2,2174.20 1 0
github.com/scaleway/scaleway-sdk-go/api/container/v1beta1/container_sdk.go:2174.20,2176.3 1 0
github.com/scaleway/scaleway-sdk-go/api/container/v1beta1/container_sdk.go:2178.2,2178.34 1 0
github.com/scaleway/scaleway-sdk-go/api/container/v1beta1/container_sdk.go:2178.34,2180.3 1 0
github.com/scaleway/scaleway-sdk-go/api/container/v1beta1/container_sdk.go:2182.2,2188.16 3 0
github.com/scaleway/scaleway-sdk-go/api/container/v1beta1/container_sdk.go:2188.16,2190.3 1 0
github.com/scaleway/scaleway-sdk-go/api/container/v1beta1/container_sdk.go:2192.2,2195.16 3 0
github.com/scaleway/scaleway-sdk-go/api/container/v1beta1/container_sdk.go:2195.16,2197.3 1 0
github.com/scaleway/scaleway-sdk-go/api/container/v1beta1/container_sdk.go:2198.2,2198.19 1 0
github.com/scaleway/scaleway-sdk-go/api/container/v1beta1/container_sdk.go:2202.107,2205.22 2 0
github.com/scaleway/scaleway-sdk-go/api/container/v1beta1/container_sdk.go:2205.22,2208.3 2 0
github.com/scaleway/scaleway-sdk-go/api/container/v1beta1/container_sdk.go:2210.2,2210.34 1 0
github.com/scaleway/scaleway-sdk-go/api/container/v1beta1/container_sdk.go:2210.34,2212.3 1 0
github.com/scaleway/scaleway-sdk-go/api/container/v1beta1/container_sdk.go:2214.2,2214.39 1 0
github.com/scaleway/scaleway-sdk-go/api/container/v1beta1/container_sdk.go:2214.39,2216.3 1 0
github.com/scaleway/scaleway-sdk-go/api/container/v1beta1/container_sdk.go:2218.2,2224.16 3 0
github.com/scaleway/scaleway-sdk-go/api/container/v1beta1/container_sdk.go:2224.16,2226.3 1 0
github.com/scaleway/scaleway-sdk-go/api/container/v1beta1/container_sdk.go:2228.2,2231.16 3 0
github.com/scaleway/scaleway-sdk-go/api/container/v1beta1/container_sdk.go:2231.16,2233.3 1 0
github.com/scaleway/scaleway-sdk-go/api/container/v1beta1/container_sdk.go:2234.2,2234.19 1 0
github.com/scaleway/scaleway-sdk-go/api/container/v1beta1/container_sdk.go:2238.107,2241.22 2 0
github.com/scaleway/scaleway-sdk-go/api/container/v1beta1/container_sdk.go:2241.22,2244.3 2 0
github.com/scaleway/scaleway-sdk-go/api/container/v1beta1/container_sdk.go:2246.2,2246.34 1 0
github.com/scaleway/scaleway-sdk-go/api/container/v1beta1/container_sdk.go:2246.34,2248.3 1 0
github.com/scaleway/scaleway-sdk-go/api/container/v1beta1/container_sdk.go:2250.2,2250.39 1 0
github.com/scaleway/scaleway-sdk-go/api/container/v1beta1/container_sdk.go:2250.39,2252.3 1 0
github.com/scaleway/scaleway-sdk-go/api/container/v1beta1/container_sdk.go:2254.2,2262.16 4 0
github.com/scaleway/scaleway-sdk-go/api/container/v1beta1/container_sdk.go:2262.16,2264.3 1 0
github.com/scaleway/scaleway-sdk-go/api/container/v1beta1/container_sdk.go:2265.2,2265.19 1 0
github.com/scaleway/scaleway-sdk-go/api/container/v1beta1/container_sdk.go:2269.118,2272.22 2 0
github.com/scaleway/scaleway-sdk-go/api/container/v1beta1/container_sdk.go:2272.22,2275.3 2 0
github.com/scaleway/scaleway-sdk-go/api/container/v1beta1/container_sdk.go:2277.2,2278.58 2 0
github.com/scaleway/scaleway-sdk-go/api/container/v1beta1/container_sdk.go:2278.58,2280.3 1 0
github.com/scaleway/scaleway-sdk-go/api/container/v1beta1/container_sdk.go:2282.2,2291.34 9 0
github.com/scaleway/scaleway-sdk-go/api/container/v1beta1/container_sdk.go:2291.34,2293.3 1 0
github.com/scaleway/scaleway-sdk-go/api/container/v1beta1/container_sdk.go:2295.2,2304.16 4 0
github.com/scaleway/scaleway-sdk-go/api/container/v1beta1/container_sdk.go:2304.16,2306.3 1 0
github.com/scaleway/scaleway-sdk-go/api/container/v1beta1/container_sdk.go:2307.2,2307.19 1 0
github.com/scaleway/scaleway-sdk-go/api/container/v1beta1/container_sdk.go:2311.101,2314.22 2 0
github.com/scaleway/scaleway-sdk-go/api/container/v1beta1/container_sdk.go:2314.22,2317.3 2 0
github.com/scaleway/scaleway-sdk-go/api/container/v1beta1/container_sdk.go:2319.2,2319.34 1 0
github.com/scaleway/scaleway-sdk-go/api/container/v1beta1/container_sdk.go:2319.34,2321.3 1 0
github.com/scaleway/scaleway-sdk-go/api/container/v1beta1/container_sdk.go:2323.2,2323.39 1 0
github.com/scaleway/scaleway-sdk-go/api/container/v1beta1/container_sdk.go:2323.39,2325.3 1 0
github.com/scaleway/scaleway-sdk-go/api/container/v1beta1/container_sdk.go:2327.2,2335.16 4 0
github.com/scaleway/scaleway-sdk-go/api/container/v1beta1/container_sdk.go:2335.16,2337.3 1 0
github.com/scaleway/scaleway-sdk-go/api/container/v1beta1/container_sdk.go:2338.2,2338.19 1 0
github.com/scaleway/scaleway-sdk-go/api/container/v1beta1/container_sdk.go:2350.109,2352.24 2 0
github.com/scaleway/scaleway-sdk-go/api/container/v1beta1/container_sdk.go:2352.24,2354.3 1 0
github.com/scaleway/scaleway-sdk-go/api/container/v1beta1/container_sdk.go:2356.2,2357.30 2 0
github.com/scaleway/scaleway-sdk-go/api/container/v1beta1/container_sdk.go:2357.30,2359.3 1 0
github.com/scaleway/scaleway-sdk-go/api/container/v1beta1/container_sdk.go:2360.2,2369.34 2 0
github.com/scaleway/scaleway-sdk-go/api/container/v1beta1/container_sdk.go:2369.34,2374.18 2 0
github.com/scaleway/scaleway-sdk-go/api/container/v1beta1/container_sdk.go:2374.18,2376.5 1 0
github.com/scaleway/scaleway-sdk-go/api/container/v1beta1/container_sdk.go:2378.4,2380.33 2 0
github.com/scaleway/scaleway-sdk-go/api/container/v1beta1/container_sdk.go:2385.2,2385.16 1 0
github.com/scaleway/scaleway-sdk-go/api/container/v1beta1/container_sdk.go:2385.16,2387.3 1 0
github.com/scaleway/scaleway-sdk-go/api/container/v1beta1/container_sdk.go:2389.2,2389.30 1 0
github.com/scaleway/scaleway-sdk-go/api/container/v1beta1/container_sdk.go:2396.107,2399.22 2 0
github.com/scaleway/scaleway-sdk-go/api/container/v1beta1/container_sdk.go:2399.22,2402.3 2 0
github.com/scaleway/scaleway-sdk-go/api/container/v1beta1/container_sdk.go:2404.2,2404.34 1 0
github.com/scaleway/scaleway-sdk-go/api/container/v1beta1/container_sdk.go:2404.34,2406.3 1 0
github.com/scaleway/scaleway-sdk-go/api/container/v1beta1/container_sdk.go:2408.2,2414.16 3 0
github.com/scaleway/scaleway-sdk-go/api/container/v1beta1/container_sdk.go:2414.16,2416.3 1 0
github.com/scaleway/scaleway-sdk-go/api/container/v1beta1/container_sdk.go:2418.2,2421.16 3 0
github.com/scaleway/scaleway-sdk-go/api/container/v1beta1/container_sdk.go:2421.16,2423.3 1 0
github.com/scaleway/scaleway-sdk-go/api/container/v1beta1/container_sdk.go:2424.2,2424.19 1 0
github.com/scaleway/scaleway-sdk-go/api/container/v1beta1/container_sdk.go:2432.107,2435.22 2 0
github.com/scaleway/scaleway-sdk-go/api/container/v1beta1/container_sdk.go:2435.22,2438.3 2 0
github.com/scaleway/scaleway-sdk-go/api/container/v1beta1/container_sdk.go:2440.2,2440.34 1 0
github.com/scaleway/scaleway-sdk-go/api/container/v1beta1/container_sdk.go:2440.34,2442.3 1 0
github.com/scaleway/scaleway-sdk-go/api/container/v1beta1/container_sdk.go:2444.2,2444.39 1 0
github.com/scaleway/scaleway-sdk-go/api/container/v1beta1/container_sdk.go:2444.39,2446.3 1 0
github.com/scaleway/scaleway-sdk-go/api/container/v1beta1/container_sdk.go:2448.2,2454.16 3 0
github.com/scaleway/scaleway-sdk-go/api/container/v1beta1/container_sdk.go:2454.16,2456.3 1 0
github.com/scaleway/scaleway-sdk-go/api/container/v1beta1/container_sdk.go:2458.2,2461.16 3 0
github.com/scaleway/scaleway-sdk-go/api/container/v1beta1/container_sdk.go:2461.16,2463.3 1 0
github.com/scaleway/scaleway-sdk-go/api/container/v1beta1/container_sdk.go:2464.2,2464.19 1 0
github.com/scaleway/scaleway-sdk-go/api/container/v1beta1/container_sdk.go:2468.107,2471.22 2 0
github.com/scaleway/scaleway-sdk-go/api/container/v1beta1/container_sdk.go:2471.22,2474.3 2 0
github.com/scaleway/scaleway-sdk-go/api/container/v1beta1/container_sdk.go:2476.2,2476.34 1 0
github.com/scaleway/scaleway-sdk-go/api/container/v1beta1/container_sdk.go:2476.34,2478.3 1 0
github.com/scaleway/scaleway-sdk-go/api/container/v1beta1/container_sdk.go:2480.2,2480.39 1 0
github.com/scaleway/scaleway-sdk-go/api/container/v1beta1/container_sdk.go:2480.39,2482.3 1 0
github.com/scaleway/scaleway-sdk-go/api/container/v1beta1/container_sdk.go:2484.2,2492.16 4 0
github.com/scaleway/scaleway-sdk-go/api/container/v1beta1/container_sdk.go:2492.16,2494.3 1 0
github.com/scaleway/scaleway-sdk-go/api/container/v1beta1/container_sdk.go:2495.2,2495.19 1 0
github.com/scaleway/scaleway-sdk-go/api/container/v1beta1/container_sdk.go:2503.107,2506.22 2 0
github.com/scaleway/scaleway-sdk-go/api/container/v1beta1/container_sdk.go:2506.22,2509.3 2 0
github.com/scaleway/scaleway-sdk-go/api/container/v1beta1/container_sdk.go:2511.2,2511.34 1 0
github.com/scaleway/scaleway-sdk-go/api/container/v1beta1/container_sdk.go:2511.34,2513.3 1 0
github.com/scaleway/scaleway-sdk-go/api/container/v1beta1/container_sdk.go:2515.2,2515.39 1 0
github.com/scaleway/scaleway-sdk-go/api/container/v1beta1/container_sdk.go:2515.39,2517.3 1 0
github.com/scaleway/scaleway-sdk-go/api/container/v1beta1/container_sdk.go:2519.2,2525.16 3 0
github.com/scaleway/scaleway-sdk-go/api/container/v1beta1/container_sdk.go:2525.16,2527.3 1 0
github.com/scaleway/scaleway-sdk-go/api/container/v1beta1/container_sdk.go:2529.2,2532.16 3 0
github.com/scaleway/scaleway-sdk-go/api/container/v1beta1/container_sdk.go:2532.16,2534.3 1 0
github.com/scaleway/scaleway-sdk-go/api/container/v1beta1/container_sdk.go:2535.2,2535.19 1 0
github.com/scaleway/scaleway-sdk-go/api/container/v1beta1/container_sdk.go:2539.103,2542.22 2 0
github.com/scaleway/scaleway-sdk-go/api/container/v1beta1/container_sdk.go:2542.22,2545.3 2 0
github.com/scaleway/scaleway-sdk-go/api/container/v1beta1/container_sdk.go:2547.2,2548.58 2 0
github.com/scaleway/scaleway-sdk-go/api/container/v1beta1/container_sdk.go:2548.58,2550.3 1 0
github.com/scaleway/scaleway-sdk-go/api/container/v1beta1/container_sdk.go:2552.2,2558.34 6 0
github.com/scaleway/scaleway-sdk-go/api/container/v1beta1/container_sdk.go:2558.34,2560.3 1 0
github.com/scaleway/scaleway-sdk-go/api/container/v1beta1/container_sdk.go:2562.2,2571.16 4 0
github.com/scaleway/scaleway-sdk-go/api/container/v1beta1/container_sdk.go:2571.16,2573.3 1 0
github.com/scaleway/scaleway-sdk-go/api/container/v1beta1/container_sdk.go:2574.2,2574.19 1 0
github.com/scaleway/scaleway-sdk-go/api/container/v1beta1/container_sdk.go:2578.86,2581.22 2 0
github.com/scaleway/scaleway-sdk-go/api/container/v1beta1/container_sdk.go:2581.22,2584.3 2 0
github.com/scaleway/scaleway-sdk-go/api/container/v1beta1/container_sdk.go:2586.2,2586.34 1 0
github.com/scaleway/scaleway-sdk-go/api/container/v1beta1/container_sdk.go:2586.34,2588.3 1 0
github.com/scaleway/scaleway-sdk-go/api/container/v1beta1/container_sdk.go:2590.2,2590.34 1 0
github.com/scaleway/scaleway-sdk-go/api/container/v1beta1/container_sdk.go:2590.34,2592.3 1 0
github.com/scaleway/scaleway-sdk-go/api/container/v1beta1/container_sdk.go:2594.2,2602.16 4 0
github.com/scaleway/scaleway-sdk-go/api/container/v1beta1/container_sdk.go:2602.16,2604.3 1 0
github.com/scaleway/scaleway-sdk-go/api/container/v1beta1/container_sdk.go:2605.2,2605.19 1 0
github.com/scaleway/scaleway-sdk-go/api/container/v1beta1/container_sdk.go:2617.94,2619.24 2 0
github.com/scaleway/scaleway-sdk-go/api/container/v1beta1/container_sdk.go:2619.24,2621.3 1 0
github.com/scaleway/scaleway-sdk-go/api/container/v1beta1/container_sdk.go:2623.2,2624.30 2 0
github.com/scaleway/scaleway-sdk-go/api/container/v1beta1/container_sdk.go:2624.30,2626.3 1 0
github.com/scaleway/scaleway-sdk-go/api/container/v1beta1/container_sdk.go:2627.2,2637.34 2 0
github.com/scaleway/scaleway-sdk-go/api/container/v1beta1/container_sdk.go:2637.34,2642.18 2 0
github.com/scaleway/scaleway-sdk-go/api/container/v1beta1/container_sdk.go:2642.18,2644.5 1 0
github.com/scaleway/scaleway-sdk-go/api/container/v1beta1/container_sdk.go:2646.4,2648.33 2 0
github.com/scaleway/scaleway-sdk-go/api/container/v1beta1/container_sdk.go:2653.2,2653.16 1 0
github.com/scaleway/scaleway-sdk-go/api/container/v1beta1/container_sdk.go:2653.16,2655.3 1 0
github.com/scaleway/scaleway-sdk-go/api/container/v1beta1/container_sdk.go:2657.2,2657.25 1 0
github.com/scaleway/scaleway-sdk-go/api/container/v1beta1/container_sdk.go:2661.92,2664.22 2 0
github.com/scaleway/scaleway-sdk-go/api/container/v1beta1/container_sdk.go:2664.22,2667.3 2 0
github.com/scaleway/scaleway-sdk-go/api/container/v1beta1/container_sdk.go:2669.2,2669.34 1 0
github.com/scaleway/scaleway-sdk-go/api/container/v1beta1/container_sdk.go:2669.34,2671.3 1 0
github.com/scaleway/scaleway-sdk-go/api/container/v1beta1/container_sdk.go:2673.2,2679.16 3 0
github.com/scaleway/scaleway-sdk-go/api/container/v1beta1/container_sdk.go:2679.16,2681.3 1 0
github.com/scaleway/scaleway-sdk-go/api/container/v1beta1/container_sdk.go:2683.2,2686.16 3 0
github.com/scaleway/scaleway-sdk-go/api/container/v1beta1/container_sdk.go:2686.16,2688.3 1 0
github.com/scaleway/scaleway-sdk-go/api/container/v1beta1/container_sdk.go:2689.2,2689.19 1 0
github.com/scaleway/scaleway-sdk-go/api/container/v1beta1/container_sdk.go:2693.92,2696.22 2 0
github.com/scaleway/scaleway-sdk-go/api/container/v1beta1/container_sdk.go:2696.22,2699.3 2 0
github.com/scaleway/scaleway-sdk-go/api/container/v1beta1/container_sdk.go:2701.2,2701.34 1 0
github.com/scaleway/scaleway-sdk-go/api/container/v1beta1/container_sdk.go:2701.34,2703.3 1 0
github.com/scaleway/scaleway-sdk-go/api/container/v1beta1/container_sdk.go:2705.2,2705.34 1 0
github.com/scaleway/scaleway-sdk-go/api/container/v1beta1/container_sdk.go:2705.34,2707.3 1 0
github.com/scaleway/scaleway-sdk-go/api/container/v1beta1/container_sdk.go:2709.2,2715.16 3 0
github.com/scaleway/scaleway-sdk-go/api/container/v1beta1/container_sdk.go:2715.16,2717.3 1 0
github.com/scaleway/scaleway-sdk-go/api/container/v1beta1/container_sdk.go:2719.2,2722.16 3 0
github.com/scaleway/scaleway-sdk-go/api/container/v1beta1/container_sdk.go:2722.16,2724.3 1 0
github.com/scaleway/scaleway-sdk-go/api/container/v1beta1/container_sdk.go:2725.2,2725.19 1 0
github.com/scaleway/scaleway-sdk-go/api/container/v1beta1/container_sdk.go:2729.92,2732.22 2 0
github.com/scaleway/scaleway-sdk-go/api/container/v1beta1/container_sdk.go:2732.22,2735.3 2 0
github.com/scaleway/scaleway-sdk-go/api/container/v1beta1/container_sdk.go:2737.2,2737.34 1 0
github.com/scaleway/scaleway-sdk-go/api/container/v1beta1/container_sdk.go:2737.34,2739.3 1 0
github.com/scaleway/scaleway-sdk-go/api/container/v1beta1/container_sdk.go:2741.2,2741.34 1 0
github.com/scaleway/scaleway-sdk-go/api/container/v1beta1/container_sdk.go:2741.34,2743.3 1 0
github.com/scaleway/scaleway-sdk-go/api/container/v1beta1/container_sdk.go:2745.2,2753.16 4 0
github.com/scaleway/scaleway-sdk-go/api/container/v1beta1/container_sdk.go:2753.16,2755.3 1 0
github.com/scaleway/scaleway-sdk-go/api/container/v1beta1/container_sdk.go:2756.2,2756.19 1 0
github.com/scaleway/scaleway-sdk-go/api/container/v1beta1/container_sdk.go:2760.109,2763.22 2 0
github.com/scaleway/scaleway-sdk-go/api/container/v1beta1/container_sdk.go:2763.22,2766.3 2 0
github.com/scaleway/scaleway-sdk-go/api/container/v1beta1/container_sdk.go:2768.2,2769.58 2 0
github.com/scaleway/scaleway-sdk-go/api/container/v1beta1/container_sdk.go:2769.58,2771.3 1 0
github.com/scaleway/scaleway-sdk-go/api/container/v1beta1/container_sdk.go:2773.2,2779.34 6 0
github.com/scaleway/scaleway-sdk-go/api/container/v1beta1/container_sdk.go:2779.34,2781.3 1 0
github.com/scaleway/scaleway-sdk-go/api/container/v1beta1/container_sdk.go:2783.2,2792.16 4 0
github.com/scaleway/scaleway-sdk-go/api/container/v1beta1/container_sdk.go:2792.16,2794.3 1 0
github.com/scaleway/scaleway-sdk-go/api/container/v1beta1/container_sdk.go:2795.2,2795.19 1 0
github.com/scaleway/scaleway-sdk-go/api/container/v1beta1/container_sdk.go:2799.92,2802.22 2 0
github.com/scaleway/scaleway-sdk-go/api/container/v1beta1/container_sdk.go:2802.22,2805.3 2 0
github.com/scaleway/scaleway-sdk-go/api/container/v1beta1/container_sdk.go:2807.2,2807.34 1 0
github.com/scaleway/scaleway-sdk-go/api/container/v1beta1/container_sdk.go:2807.34,2809.3 1 0
github.com/scaleway/scaleway-sdk-go/api/container/v1beta1/container_sdk.go:2811.2,2811.36 1 0
github.com/scaleway/scaleway-sdk-go/api/container/v1beta1/container_sdk.go:2811.36,2813.3 1 0
github.com/scaleway/scaleway-sdk-go/api/container/v1beta1/container_sdk.go:2815.2,2823.16 4 0
github.com/scaleway/scaleway-sdk-go/api/container/v1beta1/container_sdk.go:2823.16,2825.3 1 0
github.com/scaleway/scaleway-sdk-go/api/container/v1beta1/container_sdk.go:2826.2,2826.19 1 0
github.com/scaleway/scaleway-sdk-go/api/container/v1beta1/container_sdk.go:2838.100,2840.24 2 0
github.com/scaleway/scaleway-sdk-go/api/container/v1beta1/container_sdk.go:2840.24,2842.3 1 0
github.com/scaleway/scaleway-sdk-go/api/container/v1beta1/container_sdk.go:2844.2,2845.30 2 0
github.com/scaleway/scaleway-sdk-go/api/container/v1beta1/container_sdk.go:2845.30,2847.3 1 0
github.com/scaleway/scaleway-sdk-go/api/container/v1beta1/container_sdk.go:2848.2,2857.34 2 0
github.com/scaleway/scaleway-sdk-go/api/container/v1beta1/container_sdk.go:2857.34,2862.18 2 0
github.com/scaleway/scaleway-sdk-go/api/container/v1beta1/container_sdk.go:2862.18,2864.5 1 0
github.com/scaleway/scaleway-sdk-go/api/container/v1beta1/container_sdk.go:2866.4,2868.33 2 0
github.com/scaleway/scaleway-sdk-go/api/container/v1beta1/container_sdk.go:2873.2,2873.16 1 0
github.com/scaleway/scaleway-sdk-go/api/container/v1beta1/container_sdk.go:2873.16,2875.3 1 0
github.com/scaleway/scaleway-sdk-go/api/container/v1beta1/container_sdk.go:2877.2,2877.27 1 0
github.com/scaleway/scaleway-sdk-go/api/container/v1beta1/container_sdk.go:2881.98,2884.22 2 0
github.com/scaleway/scaleway-sdk-go/api/container/v1beta1/container_sdk.go:2884.22,2887.3 2 0
github.com/scaleway/scaleway-sdk-go/api/container/v1beta1/container_sdk.go:2889.2,2889.34 1 0
github.com/scaleway/scaleway-sdk-go/api/container/v1beta1/container_sdk.go:2889.34,2891.3 1 0
github.com/scaleway/scaleway-sdk-go/api/container/v1beta1/container_sdk.go:2893.2,2899.16 3 0
github.com/scaleway/scaleway-sdk-go/api/container/v1beta1/container_sdk.go:2899.16,2901.3 1 0
github.com/scaleway/scaleway-sdk-go/api/container/v1beta1/container_sdk.go:2903.2,2906.16 3 0
github.com/scaleway/scaleway-sdk-go/api/container/v1beta1/container_sdk.go:2906.16,2908.3 1 0
github.com/scaleway/scaleway-sdk-go/api/container/v1beta1/container_sdk.go:2909.2,2909.19 1 0
github.com/scaleway/scaleway-sdk-go/api/container/v1beta1/container_sdk.go:2913.98,2916.22 2 0
github.com/scaleway/scaleway-sdk-go/api/container/v1beta1/container_sdk.go:2916.22,2919.3 2 0
github.com/scaleway/scaleway-sdk-go/api/container/v1beta1/container_sdk.go:2921.2,2921.34 1 0
github.com/scaleway/scaleway-sdk-go/api/container/v1beta1/container_sdk.go:2921.34,2923.3 1 0
github.com/scaleway/scaleway-sdk-go/api/container/v1beta1/container_sdk.go:2925.2,2925.36 1 0
github.com/scaleway/scaleway-sdk-go/api/container/v1beta1/container_sdk.go:2925.36,2927.3 1 0
github.com/scaleway/scaleway-sdk-go/api/container/v1beta1/container_sdk.go:2929.2,2937.16 4 0
github.com/scaleway/scaleway-sdk-go/api/container/v1beta1/container_sdk.go:2937.16,2939.3 1 0
github.com/scaleway/scaleway-sdk-go/api/container/v1beta1/container_sdk.go:2940.2,2940.19 1 0
github.com/scaleway/scaleway-sdk-go/api/container/v1beta1/container_sdk.go:2944.95,2947.22 2 0
github.com/scaleway/scaleway-sdk-go/api/container/v1beta1/container_sdk.go:2947.22,2950.3 2 0
github.com/scaleway/scaleway-sdk-go/api/container/v1beta1/container_sdk.go:2952.2,2952.34 1 0
github.com/scaleway/scaleway-sdk-go/api/container/v1beta1/container_sdk.go:2952.34,2954.3 1 0
github.com/scaleway/scaleway-sdk-go/api/container/v1beta1/container_sdk.go:2956.2,2962.16 3 0
github.com/scaleway/scaleway-sdk-go/api/container/v1beta1/container_sdk.go:2962.16,2964.3 1 0
github.com/scaleway/scaleway-sdk-go/api/container/v1beta1/container_sdk.go:2966.2,2969.16 3 0
github.com/scaleway/scaleway-sdk-go/api/container/v1beta1/container_sdk.go:2969.16,2971.3 1 0
github.com/scaleway/scaleway-sdk-go/api/container/v1beta1/container_sdk.go:2972.2,2972.19 1 0
github.com/scaleway/scaleway-sdk-go/api/container/v1beta1/container_sdk.go:2976.89,2979.22 2 0
github.com/scaleway/scaleway-sdk-go/api/container/v1beta1/container_sdk.go:2979.22,2982.3 2 0
github.com/scaleway/scaleway-sdk-go/api/container/v1beta1/container_sdk.go:2984.2,2984.34 1 0
github.com/scaleway/scaleway-sdk-go/api/container/v1beta1/container_sdk.go:2984.34,2986.3 1 0
github.com/scaleway/scaleway-sdk-go/api/container/v1beta1/container_sdk.go:2988.2,2988.35 1 0
github.com/scaleway/scaleway-sdk-go/api/container/v1beta1/container_sdk.go:2988.35,2990.3 1 0
github.com/scaleway/scaleway-sdk-go/api/container/v1beta1/container_sdk.go:2992.2,3000.16 4 0
github.com/scaleway/scaleway-sdk-go/api/container/v1beta1/container_sdk.go:3000.16,3002.3 1 0
github.com/scaleway/scaleway-sdk-go/api/container/v1beta1/container_sdk.go:3003.2,3003.19 1 0
github.com/scaleway/scaleway-sdk-go/api/container/v1beta1/container_sdk.go:3015.97,3017.24 2 0
github.com/scaleway/scaleway-sdk-go/api/container/v1beta1/container_sdk.go:3017.24,3019.3 1 0
github.com/scaleway/scaleway-sdk-go/api/container/v1beta1/container_sdk.go:3021.2,3022.30 2 0
github.com/scaleway/scaleway-sdk-go/api/container/v1beta1/container_sdk.go:3022.30,3024.3 1 0
github.com/scaleway/scaleway-sdk-go/api/container/v1beta1/container_sdk.go:3025.2,3031.34 2 0
github.com/scaleway/scaleway-sdk-go/api/container/v1beta1/container_sdk.go:3031.34,3036.18 2 0
github.com/scaleway/scaleway-sdk-go/api/container/v1beta1/container_sdk.go:3036.18,3038.5 1 0
github.com/scaleway/scaleway-sdk-go/api/container/v1beta1/container_sdk.go:3040.4,3042.33 2 0
github.com/scaleway/scaleway-sdk-go/api/container/v1beta1/container_sdk.go:3047.2,3047.16 1 0
github.com/scaleway/scaleway-sdk-go/api/container/v1beta1/container_sdk.go:3047.16,3049.3 1 0
github.com/scaleway/scaleway-sdk-go/api/container/v1beta1/container_sdk.go:3051.2,3051.26 1 0
github.com/scaleway/scaleway-sdk-go/api/container/v1beta1/container_sdk.go:3055.106,3058.22 2 0
github.com/scaleway/scaleway-sdk-go/api/container/v1beta1/container_sdk.go:3058.22,3061.3 2 0
github.com/scaleway/scaleway-sdk-go/api/container/v1beta1/container_sdk.go:3063.2,3064.58 2 0
github.com/scaleway/scaleway-sdk-go/api/container/v1beta1/container_sdk.go:3064.58,3066.3 1 0
github.com/scaleway/scaleway-sdk-go/api/container/v1beta1/container_sdk.go:3068.2,3075.34 7 0
github.com/scaleway/scaleway-sdk-go/api/container/v1beta1/container_sdk.go:3075.34,3077.3 1 0
github.com/scaleway/scaleway-sdk-go/api/container/v1beta1/container_sdk.go:3079.2,3088.16 4 0
github.com/scaleway/scaleway-sdk-go/api/container/v1beta1/container_sdk.go:3088.16,3090.3 1 0
github.com/scaleway/scaleway-sdk-go/api/container/v1beta1/container_sdk.go:3091.2,3091.19 1 0
github.com/scaleway/scaleway-sdk-go/api/container/v1beta1/container_sdk.go:3095.95,3098.22 2 0
github.com/scaleway/scaleway-sdk-go/api/container/v1beta1/container_sdk.go:3098.22,3101.3 2 0
github.com/scaleway/scaleway-sdk-go/api/container/v1beta1/container_sdk.go:3103.2,3103.34 1 0
github.com/scaleway/scaleway-sdk-go/api/container/v1beta1/container_sdk.go:3103.34,3105.3 1 0
github.com/scaleway/scaleway-sdk-go/api/container/v1beta1/container_sdk.go:3107.2,3107.35 1 0
github.com/scaleway/scaleway-sdk-go/api/container/v1beta1/container_sdk.go:3107.35,3109.3 1 0
github.com/scaleway/scaleway-sdk-go/api/container/v1beta1/container_sdk.go:3111.2,3119.16 4 0
github.com/scaleway/scaleway-sdk-go/api/container/v1beta1/container_sdk.go:3119.16,3121.3 1 0
github.com/scaleway/scaleway-sdk-go/api/container/v1beta1/container_sdk.go:3122.2,3122.19 1 0
github.com/scaleway/scaleway-sdk-go/api/container/v1beta1/container_sdk.go:3126.101,3129.22 2 0
github.com/scaleway/scaleway-sdk-go/api/container/v1beta1/container_sdk.go:3129.22,3132.3 2 0
github.com/scaleway/scaleway-sdk-go/api/container/v1beta1/container_sdk.go:3134.2,3134.34 1 0
github.com/scaleway/scaleway-sdk-go/api/container/v1beta1/container_sdk.go:3134.34,3136.3 1 0
github.com/scaleway/scaleway-sdk-go/api/container/v1beta1/container_sdk.go:3138.2,3144.16 3 0
github.com/scaleway/scaleway-sdk-go/api/container/v1beta1/container_sdk.go:3144.16,3146.3 1 0
github.com/scaleway/scaleway-sdk-go/api/container/v1beta1/container_sdk.go:3148.2,3151.16 3 0
github.com/scaleway/scaleway-sdk-go/api/container/v1beta1/container_sdk.go:3151.16,3153.3 1 0
github.com/scaleway/scaleway-sdk-go/api/container/v1beta1/container_sdk.go:3154.2,3154.19 1 0
github.com/scaleway/scaleway-sdk-go/api/container/v1beta1/container_sdk.go:3158.95,3161.22 2 0
github.com/scaleway/scaleway-sdk-go/api/container/v1beta1/container_sdk.go:3161.22,3164.3 2 0
github.com/scaleway/scaleway-sdk-go/api/container/v1beta1/container_sdk.go:3166.2,3166.34 1 0
github.com/scaleway/scaleway-sdk-go/api/container/v1beta1/container_sdk.go:3166.34,3168.3 1 0
github.com/scaleway/scaleway-sdk-go/api/container/v1beta1/container_sdk.go:3170.2,3170.37 1 0
github.com/scaleway/scaleway-sdk-go/api/container/v1beta1/container_sdk.go:3170.37,3172.3 1 0
github.com/scaleway/scaleway-sdk-go/api/container/v1beta1/container_sdk.go:3174.2,3182.16 4 0
github.com/scaleway/scaleway-sdk-go/api/container/v1beta1/container_sdk.go:3182.16,3184.3 1 0
github.com/scaleway/scaleway-sdk-go/api/container/v1beta1/container_sdk.go:3185.2,3185.19 1 0
github.com/scaleway/scaleway-sdk-go/api/container/v1beta1/container_sdk.go:3197.103,3199.24 2 0
github.com/scaleway/scaleway-sdk-go/api/container/v1beta1/container_sdk.go:3199.24,3201.3 1 0
github.com/scaleway/scaleway-sdk-go/api/container/v1beta1/container_sdk.go:3203.2,3204.30 2 0
github.com/scaleway/scaleway-sdk-go/api/container/v1beta1/container_sdk.go:3204.30,3206.3 1 0
github.com/scaleway/scaleway-sdk-go/api/container/v1beta1/container_sdk.go:3207.2,3216.34 2 0
github.com/scaleway/scaleway-sdk-go/api/container/v1beta1/container_sdk.go:3216.34,3221.18 2 0
github.com/scaleway/scaleway-sdk-go/api/container/v1beta1/container_sdk.go:3221.18,3223.5 1 0
github.com/scaleway/scaleway-sdk-go/api/container/v1beta1/container_sdk.go:3225.4,3227.33 2 0
github.com/scaleway/scaleway-sdk-go/api/container/v1beta1/container_sdk.go:3232.2,3232.16 1 0
github.com/scaleway/scaleway-sdk-go/api/container/v1beta1/container_sdk.go:3232.16,3234.3 1 0
github.com/scaleway/scaleway-sdk-go/api/container/v1beta1/container_sdk.go:3236.2,3236.28 1 0
github.com/scaleway/scaleway-sdk-go/api/container/v1beta1/container_sdk.go:3240.112,3243.22 2 0
github.com/scaleway/scaleway-sdk-go/api/container/v1beta1/container_sdk.go:3243.22,3246.3 2 0
github.com/scaleway/scaleway-sdk-go/api/container/v1beta1/container_sdk.go:3248.2,3249.58 2 0
github.com/scaleway/scaleway-sdk-go/api/container/v1beta1/container_sdk.go:3249.58,3251.3 1 0
github.com/scaleway/scaleway-sdk-go/api/container/v1beta1/container_sdk.go:3253.2,3254.87 2 0
github.com/scaleway/scaleway-sdk-go/api/container/v1beta1/container_sdk.go:3254.87,3256.3 1 0
github.com/scaleway/scaleway-sdk-go/api/container/v1beta1/container_sdk.go:3258.2,3266.34 8 0
github.com/scaleway/scaleway-sdk-go/api/container/v1beta1/container_sdk.go:3266.34,3268.3 1 0
github.com/scaleway/scaleway-sdk-go/api/container/v1beta1/container_sdk.go:3270.2,3279.16 4 0
github.com/scaleway/scaleway-sdk-go/api/container/v1beta1/container_sdk.go:3279.16,3281.3 1 0
github.com/scaleway/scaleway-sdk-go/api/container/v1beta1/container_sdk.go:3282.2,3282.19 1 0
github.com/scaleway/scaleway-sdk-go/api/container/v1beta1/container_sdk.go:3286.101,3289.22 2 0
github.com/scaleway/scaleway-sdk-go/api/container/v1beta1/container_sdk.go:3289.22,3292.3 2 0
github.com/scaleway/scaleway-sdk-go/api/container/v1beta1/container_sdk.go:3294.2,3294.34 1 0
github.com/scaleway/scaleway-sdk-go/api/container/v1beta1/container_sdk.go:3294.34,3296.3 1 0
github.com/scaleway/scaleway-sdk-go/api/container/v1beta1/container_sdk.go:3298.2,3298.37 1 0
github.com/scaleway/scaleway-sdk-go/api/container/v1beta1/container_sdk.go:3298.37,3300.3 1 0
github.com/scaleway/scaleway-sdk-go/api/container/v1beta1/container_sdk.go:3302.2,3308.16 3 0
github.com/scaleway/scaleway-sdk-go/api/container/v1beta1/container_sdk.go:3308.16,3310.3 1 0
github.com/scaleway/scaleway-sdk-go/api/container/v1beta1/container_sdk.go:3312.2,3315.16 3 0
github.com/scaleway/scaleway-sdk-go/api/container/v1beta1/container_sdk.go:3315.16,3317.3 1 0
github.com/scaleway/scaleway-sdk-go/api/container/v1beta1/container_sdk.go:3318.2,3318.19 1 0
github.com/scaleway/scaleway-sdk-go/api/container/v1beta1/container_sdk.go:3322.101,3325.22 2 0
github.com/scaleway/scaleway-sdk-go/api/container/v1beta1/container_sdk.go:3325.22,3328.3 2 0
github.com/scaleway/scaleway-sdk-go/api/container/v1beta1/container_sdk.go:3330.2,3330.34 1 0
github.com/scaleway/scaleway-sdk-go/api/container/v1beta1/container_sdk.go:3330.34,3332.3 1 0
github.com/scaleway/scaleway-sdk-go/api/container/v1beta1/container_sdk.go:3334.2,3334.37 1 0
github.com/scaleway/scaleway-sdk-go/api/container/v1beta1/container_sdk.go:3334.37,3336.3 1 0
github.com/scaleway/scaleway-sdk-go/api/container/v1beta1/container_sdk.go:3338.2,3346.16 4 0
github.com/scaleway/scaleway-sdk-go/api/container/v1beta1/container_sdk.go:3346.16,3348.3 1 0
github.com/scaleway/scaleway-sdk-go/api/container/v1beta1/container_sdk.go:3349.2,3349.19 1 0
github.com/scaleway/scaleway-sdk-go/api/instance/v1/image_utils.go:20.97,22.24 2 1
github.com/scaleway/scaleway-sdk-go/api/instance/v1/image_utils.go:22.24,24.3 1 0
github.com/scaleway/scaleway-sdk-go/api/instance/v1/image_utils.go:25.2,26.30 2 1
github.com/scaleway/scaleway-sdk-go/api/instance/v1/image_utils.go:26.30,28.3 1 0
github.com/scaleway/scaleway-sdk-go/api/instance/v1/image_utils.go:30.2,36.34 2 1
github.com/scaleway/scaleway-sdk-go/api/instance/v1/image_utils.go:36.34,41.18 2 1
github.com/scaleway/scaleway-sdk-go/api/instance/v1/image_utils.go:41.18,43.5 1 0
github.com/scaleway/scaleway-sdk-go/api/instance/v1/image_utils.go:44.4,46.37 2 1
github.com/scaleway/scaleway-sdk-go/api/instance/v1/image_utils.go:51.2,51.16 1 1
github.com/scaleway/scaleway-sdk-go/api/instance/v1/image_utils.go:51.16,53.3 1 0
github.com/scaleway/scaleway-sdk-go/api/instance/v1/image_utils.go:54.2,54.28 1 1
github.com/scaleway/scaleway-sdk-go/api/instance/v1/instance_metadata_sdk.go:31.36,33.2 1 0
github.com/scaleway/scaleway-sdk-go/api/instance/v1/instance_metadata_sdk.go:35.50,36.29 1 0
github.com/scaleway/scaleway-sdk-go/api/instance/v1/instance_metadata_sdk.go:36.29,38.3 1 0
github.com/scaleway/scaleway-sdk-go/api/instance/v1/instance_metadata_sdk.go:40.2,41.61 2 0
github.com/scaleway/scaleway-sdk-go/api/instance/v1/instance_metadata_sdk.go:41.61,44.17 3 0
github.com/scaleway/scaleway-sdk-go/api/instance/v1/instance_metadata_sdk.go:44.17,46.4 1 0
github.com/scaleway/scaleway-sdk-go/api/instance/v1/instance_metadata_sdk.go:47.3,48.53 2 0
github.com/scaleway/scaleway-sdk-go/api/instance/v1/instance_metadata_sdk.go:48.53,51.4 2 0
github.com/scaleway/scaleway-sdk-go/api/instance/v1/instance_metadata_sdk.go:52.3,52.26 1 0
github.com/scaleway/scaleway-sdk-go/api/instance/v1/instance_metadata_sdk.go:54.2,54.22 1 0
github.com/scaleway/scaleway-sdk-go/api/instance/v1/instance_metadata_sdk.go:58.65,61.16 3 0
github.com/scaleway/scaleway-sdk-go/api/instance/v1/instance_metadata_sdk.go:61.16,63.3 1 0
github.com/scaleway/scaleway-sdk-go/api/instance/v1/instance_metadata_sdk.go:65.2,66.16 2 0
github.com/scaleway/scaleway-sdk-go/api/instance/v1/instance_metadata_sdk.go:66.16,68.3 1 0
github.com/scaleway/scaleway-sdk-go/api/instance/v1/instance_metadata_sdk.go:69.2,73.16 4 0
github.com/scaleway/scaleway-sdk-go/api/instance/v1/instance_metadata_sdk.go:73.16,75.3 1 0
github.com/scaleway/scaleway-sdk-go/api/instance/v1/instance_metadata_sdk.go:76.2,76.22 1 0
github.com/scaleway/scaleway-sdk-go/api/instance/v1/instance_metadata_sdk.go:207.68,210.39 3 0
github.com/scaleway/scaleway-sdk-go/api/instance/v1/instance_metadata_sdk.go:210.39,213.17 3 0
github.com/scaleway/scaleway-sdk-go/api/instance/v1/instance_metadata_sdk.go:213.17,215.4 1 0
github.com/scaleway/scaleway-sdk-go/api/instance/v1/instance_metadata_sdk.go:217.3,228.17 3 0
github.com/scaleway/scaleway-sdk-go/api/instance/v1/instance_metadata_sdk.go:228.17,230.4 1 0
github.com/scaleway/scaleway-sdk-go/api/instance/v1/instance_metadata_sdk.go:231.3,232.17 2 0
github.com/scaleway/scaleway-sdk-go/api/instance/v1/instance_metadata_sdk.go:232.17,234.12 2 0
github.com/scaleway/scaleway-sdk-go/api/instance/v1/instance_metadata_sdk.go:236.3,240.17 4 0
github.com/scaleway/scaleway-sdk-go/api/instance/v1/instance_metadata_sdk.go:240.17,242.4 1 0
github.com/scaleway/scaleway-sdk-go/api/instance/v1/instance_metadata_sdk.go:243.3,243.23 1 0
github.com/scaleway/scaleway-sdk-go/api/instance/v1/instance_metadata_sdk.go:245.2,245.71 1 0
github.com/scaleway/scaleway-sdk-go/api/instance/v1/instance_metadata_sdk.go:249.66,250.15 1 0
github.com/scaleway/scaleway-sdk-go/api/instance/v1/instance_metadata_sdk.go:250.15,252.3 1 0
github.com/scaleway/scaleway-sdk-go/api/instance/v1/instance_metadata_sdk.go:254.2,256.39 3 0
github.com/scaleway/scaleway-sdk-go/api/instance/v1/instance_metadata_sdk.go:256.39,259.17 3 0
github.com/scaleway/scaleway-sdk-go/api/instance/v1/instance_metadata_sdk.go:259.17,261.4 1 0
github.com/scaleway/scaleway-sdk-go/api/instance/v1/instance_metadata_sdk.go:263.3,274.17 3 0
github.com/scaleway/scaleway-sdk-go/api/instance/v1/instance_metadata_sdk.go:274.17,276.4 1 0
github.com/scaleway/scaleway-sdk-go/api/instance/v1/instance_metadata_sdk.go:278.3,279.17 2 0
github.com/scaleway/scaleway-sdk-go/api/instance/v1/instance_metadata_sdk.go:279.17,281.12 2 0
github.com/scaleway/scaleway-sdk-go/api/instance/v1/instance_metadata_sdk.go:283.3,286.17 3 0
github.com/scaleway/scaleway-sdk-go/api/instance/v1/instance_metadata_sdk.go:286.17,288.4 1 0
github.com/scaleway/scaleway-sdk-go/api/instance/v1/instance_metadata_sdk.go:290.3,290.19 1 0
github.com/scaleway/scaleway-sdk-go/api/instance/v1/instance_metadata_sdk.go:292.2,292.81 1 0
github.com/scaleway/scaleway-sdk-go/api/instance/v1/instance_metadata_sdk.go:296.70,297.15 1 0
github.com/scaleway/scaleway-sdk-go/api/instance/v1/instance_metadata_sdk.go:297.15,299.3 1 0
github.com/scaleway/scaleway-sdk-go/api/instance/v1/instance_metadata_sdk.go:301.2,303.39 3 0
github.com/scaleway/scaleway-sdk-go/api/instance/v1/instance_metadata_sdk.go:303.39,306.17 3 0
github.com/scaleway/scaleway-sdk-go/api/instance/v1/instance_metadata_sdk.go:306.17,308.4 1 0
github.com/scaleway/scaleway-sdk-go/api/instance/v1/instance_metadata_sdk.go:310.3,320.17 3 0
github.com/scaleway/scaleway-sdk-go/api/instance/v1/instance_metadata_sdk.go:320.17,322.4 1 0
github.com/scaleway/scaleway-sdk-go/api/instance/v1/instance_metadata_sdk.go:323.3,325.17 3 0
github.com/scaleway/scaleway-sdk-go/api/instance/v1/instance_metadata_sdk.go:325.17,327.12 2 0
github.com/scaleway/scaleway-sdk-go/api/instance/v1/instance_metadata_sdk.go:329.3,331.13 2 0
github.com/scaleway/scaleway-sdk-go/api/instance/v1/instance_metadata_sdk.go:333.2,333.64 1 0
github.com/scaleway/scaleway-sdk-go/api/instance/v1/instance_metadata_sdk.go:337.59,338.15 1 0
github.com/scaleway/scaleway-sdk-go/api/instance/v1/instance_metadata_sdk.go:338.15,340.3 1 0
github.com/scaleway/scaleway-sdk-go/api/instance/v1/instance_metadata_sdk.go:342.2,344.39 3 0
github.com/scaleway/scaleway-sdk-go/api/instance/v1/instance_metadata_sdk.go:344.39,347.17 3 0
github.com/scaleway/scaleway-sdk-go/api/instance/v1/instance_metadata_sdk.go:347.17,349.4 1 0
github.com/scaleway/scaleway-sdk-go/api/instance/v1/instance_metadata_sdk.go:351.3,361.17 3 0
github.com/scaleway/scaleway-sdk-go/api/instance/v1/instance_metadata_sdk.go:361.17,363.4 1 0
github.com/scaleway/scaleway-sdk-go/api/instance/v1/instance_metadata_sdk.go:364.3,365.17 2 0
github.com/scaleway/scaleway-sdk-go/api/instance/v1/instance_metadata_sdk.go:365.17,367.12 2 0
github.com/scaleway/scaleway-sdk-go/api/instance/v1/instance_metadata_sdk.go:369.3,371.13 2 0
github.com/scaleway/scaleway-sdk-go/api/instance/v1/instance_metadata_sdk.go:373.2,373.67 1 0
github.com/scaleway/scaleway-sdk-go/api/instance/v1/instance_sdk.go:51.34,52.16 1 184
github.com/scaleway/scaleway-sdk-go/api/instance/v1/instance_sdk.go:52.16,55.3 1 0
github.com/scaleway/scaleway-sdk-go/api/instance/v1/instance_sdk.go:56.2,56.21 1 184
github.com/scaleway/scaleway-sdk-go/api/instance/v1/instance_sdk.go:59.34,66.2 1 0
github.com/scaleway/scaleway-sdk-go/api/instance/v1/instance_sdk.go:68.48,70.2 1 0
github.com/scaleway/scaleway-sdk-go/api/instance/v1/instance_sdk.go:72.52,75.51 2 177
github.com/scaleway/scaleway-sdk-go/api/instance/v1/instance_sdk.go:75.51,77.3 1 0
github.com/scaleway/scaleway-sdk-go/api/instance/v1/instance_sdk.go:79.2,80.12 2 176
github.com/scaleway/scaleway-sdk-go/api/instance/v1/instance_sdk.go:93.65,94.16 1 3
github.com/scaleway/scaleway-sdk-go/api/instance/v1/instance_sdk.go:94.16,97.3 1 0
github.com/scaleway/scaleway-sdk-go/api/instance/v1/instance_sdk.go:98.2,98.21 1 3
github.com/scaleway/scaleway-sdk-go/api/instance/v1/instance_sdk.go:101.96,108.2 1 0
github.com/scaleway/scaleway-sdk-go/api/instance/v1/instance_sdk.go:110.79,112.2 1 3
github.com/scaleway/scaleway-sdk-go/api/instance/v1/instance_sdk.go:114.83,117.51 2 0
github.com/scaleway/scaleway-sdk-go/api/instance/v1/instance_sdk.go:117.51,119.3 1 0
github.com/scaleway/scaleway-sdk-go/api/instance/v1/instance_sdk.go:121.2,122.12 2 0
github.com/scaleway/scaleway-sdk-go/api/instance/v1/instance_sdk.go:133.38,134.16 1 201
github.com/scaleway/scaleway-sdk-go/api/instance/v1/instance_sdk.go:134.16,137.3 1 0
github.com/scaleway/scaleway-sdk-go/api/instance/v1/instance_sdk.go:138.2,138.21 1 201
github.com/scaleway/scaleway-sdk-go/api/instance/v1/instance_sdk.go:141.42,147.2 1 0
github.com/scaleway/scaleway-sdk-go/api/instance/v1/instance_sdk.go:149.52,151.2 1 1
github.com/scaleway/scaleway-sdk-go/api/instance/v1/instance_sdk.go:153.56,156.51 2 200
github.com/scaleway/scaleway-sdk-go/api/instance/v1/instance_sdk.go:156.51,158.3 1 0
github.com/scaleway/scaleway-sdk-go/api/instance/v1/instance_sdk.go:160.2,161.12 2 200
github.com/scaleway/scaleway-sdk-go/api/instance/v1/instance_sdk.go:174.37,175.16 1 3
github.com/scaleway/scaleway-sdk-go/api/instance/v1/instance_sdk.go:175.16,178.3 1 0
github.com/scaleway/scaleway-sdk-go/api/instance/v1/instance_sdk.go:179.2,179.21 1 3
github.com/scaleway/scaleway-sdk-go/api/instance/v1/instance_sdk.go:182.40,190.2 1 0
github.com/scaleway/scaleway-sdk-go/api/instance/v1/instance_sdk.go:192.51,194.2 1 0
github.com/scaleway/scaleway-sdk-go/api/instance/v1/instance_sdk.go:196.55,199.51 2 3
github.com/scaleway/scaleway-sdk-go/api/instance/v1/instance_sdk.go:199.51,201.3 1 0
github.com/scaleway/scaleway-sdk-go/api/instance/v1/instance_sdk.go:203.2,204.12 2 3
github.com/scaleway/scaleway-sdk-go/api/instance/v1/instance_sdk.go:215.36,216.16 1 3
github.com/scaleway/scaleway-sdk-go/api/instance/v1/instance_sdk.go:216.16,219.3 1 0
github.com/scaleway/scaleway-sdk-go/api/instance/v1/instance_sdk.go:220.2,220.21 1 3
github.com/scaleway/scaleway-sdk-go/api/instance/v1/instance_sdk.go:223.38,229.2 1 0
github.com/scaleway/scaleway-sdk-go/api/instance/v1/instance_sdk.go:231.50,233.2 1 0
github.com/scaleway/scaleway-sdk-go/api/instance/v1/instance_sdk.go:235.54,238.51 2 3
github.com/scaleway/scaleway-sdk-go/api/instance/v1/instance_sdk.go:238.51,240.3 1 0
github.com/scaleway/scaleway-sdk-go/api/instance/v1/instance_sdk.go:242.2,243.12 2 3
github.com/scaleway/scaleway-sdk-go/api/instance/v1/instance_sdk.go:254.40,255.16 1 51
github.com/scaleway/scaleway-sdk-go/api/instance/v1/instance_sdk.go:255.16,258.3 1 0
github.com/scaleway/scaleway-sdk-go/api/instance/v1/instance_sdk.go:259.2,259.21 1 51
github.com/scaleway/scaleway-sdk-go/api/instance/v1/instance_sdk.go:262.46,268.2 1 0
github.com/scaleway/scaleway-sdk-go/api/instance/v1/instance_sdk.go:270.54,272.2 1 0
github.com/scaleway/scaleway-sdk-go/api/instance/v1/instance_sdk.go:274.58,277.51 2 52
github.com/scaleway/scaleway-sdk-go/api/instance/v1/instance_sdk.go:277.51,279.3 1 0
github.com/scaleway/scaleway-sdk-go/api/instance/v1/instance_sdk.go:281.2,282.12 2 52
github.com/scaleway/scaleway-sdk-go/api/instance/v1/instance_sdk.go:294.53,295.16 1 1
github.com/scaleway/scaleway-sdk-go/api/instance/v1/instance_sdk.go:295.16,298.3 1 1
github.com/scaleway/scaleway-sdk-go/api/instance/v1/instance_sdk.go:299.2,299.21 1 0
github.com/scaleway/scaleway-sdk-go/api/instance/v1/instance_sdk.go:302.72,309.2 1 0
github.com/scaleway/scaleway-sdk-go/api/instance/v1/instance_sdk.go:311.67,313.2 1 0
github.com/scaleway/scaleway-sdk-go/api/instance/v1/instance_sdk.go:315.71,318.51 2 0
github.com/scaleway/scaleway-sdk-go/api/instance/v1/instance_sdk.go:318.51,320.3 1 0
github.com/scaleway/scaleway-sdk-go/api/instance/v1/instance_sdk.go:322.2,323.12 2 0
github.com/scaleway/scaleway-sdk-go/api/instance/v1/instance_sdk.go:333.54,334.16 1 0
github.com/scaleway/scaleway-sdk-go/api/instance/v1/instance_sdk.go:334.16,337.3 1 0
github.com/scaleway/scaleway-sdk-go/api/instance/v1/instance_sdk.go:338.2,338.21 1 0
github.com/scaleway/scaleway-sdk-go/api/instance/v1/instance_sdk.go:341.74,346.2 1 0
github.com/scaleway/scaleway-sdk-go/api/instance/v1/instance_sdk.go:348.68,350.2 1 0
github.com/scaleway/scaleway-sdk-go/api/instance/v1/instance_sdk.go:352.72,355.51 2 0
github.com/scaleway/scaleway-sdk-go/api/instance/v1/instance_sdk.go:355.51,357.3 1 0
github.com/scaleway/scaleway-sdk-go/api/instance/v1/instance_sdk.go:359.2,360.12 2 0
github.com/scaleway/scaleway-sdk-go/api/instance/v1/instance_sdk.go:370.54,371.16 1 0
github.com/scaleway/scaleway-sdk-go/api/instance/v1/instance_sdk.go:371.16,374.3 1 0
github.com/scaleway/scaleway-sdk-go/api/instance/v1/instance_sdk.go:375.2,375.21 1 0
github.com/scaleway/scaleway-sdk-go/api/instance/v1/instance_sdk.go:378.74,383.2 1 0
github.com/scaleway/scaleway-sdk-go/api/instance/v1/instance_sdk.go:385.68,387.2 1 0
github.com/scaleway/scaleway-sdk-go/api/instance/v1/instance_sdk.go:389.72,392.51 2 0
github.com/scaleway/scaleway-sdk-go/api/instance/v1/instance_sdk.go:392.51,394.3 1 0
github.com/scaleway/scaleway-sdk-go/api/instance/v1/instance_sdk.go:396.2,397.12 2 0
github.com/scaleway/scaleway-sdk-go/api/instance/v1/instance_sdk.go:408.45,409.16 1 1
github.com/scaleway/scaleway-sdk-go/api/instance/v1/instance_sdk.go:409.16,412.3 1 0
github.com/scaleway/scaleway-sdk-go/api/instance/v1/instance_sdk.go:413.2,413.21 1 1
github.com/scaleway/scaleway-sdk-go/api/instance/v1/instance_sdk.go:416.56,422.2 1 0
github.com/scaleway/scaleway-sdk-go/api/instance/v1/instance_sdk.go:424.59,426.2 1 0
github.com/scaleway/scaleway-sdk-go/api/instance/v1/instance_sdk.go:428.63,431.51 2 1
github.com/scaleway/scaleway-sdk-go/api/instance/v1/instance_sdk.go:431.51,433.3 1 0
github.com/scaleway/scaleway-sdk-go/api/instance/v1/instance_sdk.go:435.2,436.12 2 1
github.com/scaleway/scaleway-sdk-go/api/instance/v1/instance_sdk.go:447.49,448.16 1 36
github.com/scaleway/scaleway-sdk-go/api/instance/v1/instance_sdk.go:448.16,451.3 1 0
github.com/scaleway/scaleway-sdk-go/api/instance/v1/instance_sdk.go:452.2,452.21 1 36
github.com/scaleway/scaleway-sdk-go/api/instance/v1/instance_sdk.go:455.64,461.2 1 0
github.com/scaleway/scaleway-sdk-go/api/instance/v1/instance_sdk.go:463.63,465.2 1 12
github.com/scaleway/scaleway-sdk-go/api/instance/v1/instance_sdk.go:467.67,470.51 2 24
github.com/scaleway/scaleway-sdk-go/api/instance/v1/instance_sdk.go:470.51,472.3 1 0
github.com/scaleway/scaleway-sdk-go/api/instance/v1/instance_sdk.go:474.2,475.12 2 24
github.com/scaleway/scaleway-sdk-go/api/instance/v1/instance_sdk.go:486.53,487.16 1 14
github.com/scaleway/scaleway-sdk-go/api/instance/v1/instance_sdk.go:487.16,490.3 1 0
github.com/scaleway/scaleway-sdk-go/api/instance/v1/instance_sdk.go:491.2,491.21 1 14
github.com/scaleway/scaleway-sdk-go/api/instance/v1/instance_sdk.go:494.72,500.2 1 0
github.com/scaleway/scaleway-sdk-go/api/instance/v1/instance_sdk.go:502.67,504.2 1 6
github.com/scaleway/scaleway-sdk-go/api/instance/v1/instance_sdk.go:506.71,509.51 2 8
github.com/scaleway/scaleway-sdk-go/api/instance/v1/instance_sdk.go:509.51,511.3 1 0
github.com/scaleway/scaleway-sdk-go/api/instance/v1/instance_sdk.go:513.2,514.12 2 8
github.com/scaleway/scaleway-sdk-go/api/instance/v1/instance_sdk.go:525.56,526.16 1 14
github.com/scaleway/scaleway-sdk-go/api/instance/v1/instance_sdk.go:526.16,529.3 1 0
github.com/scaleway/scaleway-sdk-go/api/instance/v1/instance_sdk.go:530.2,530.21 1 14
github.com/scaleway/scaleway-sdk-go/api/instance/v1/instance_sdk.go:533.78,539.2 1 0
github.com/scaleway/scaleway-sdk-go/api/instance/v1/instance_sdk.go:541.70,543.2 1 6
github.com/scaleway/scaleway-sdk-go/api/instance/v1/instance_sdk.go:545.74,548.51 2 8
github.com/scaleway/scaleway-sdk-go/api/instance/v1/instance_sdk.go:548.51,550.3 1 0
github.com/scaleway/scaleway-sdk-go/api/instance/v1/instance_sdk.go:552.2,553.12 2 8
github.com/scaleway/scaleway-sdk-go/api/instance/v1/instance_sdk.go:566.55,567.16 1 15
github.com/scaleway/scaleway-sdk-go/api/instance/v1/instance_sdk.go:567.16,570.3 1 0
github.com/scaleway/scaleway-sdk-go/api/instance/v1/instance_sdk.go:571.2,571.21 1 15
github.com/scaleway/scaleway-sdk-go/api/instance/v1/instance_sdk.go:574.76,582.2 1 0
github.com/scaleway/scaleway-sdk-go/api/instance/v1/instance_sdk.go:584.69,586.2 1 7
github.com/scaleway/scaleway-sdk-go/api/instance/v1/instance_sdk.go:588.73,591.51 2 8
github.com/scaleway/scaleway-sdk-go/api/instance/v1/instance_sdk.go:591.51,593.3 1 0
github.com/scaleway/scaleway-sdk-go/api/instance/v1/instance_sdk.go:595.2,596.12 2 8
github.com/scaleway/scaleway-sdk-go/api/instance/v1/instance_sdk.go:607.48,608.16 1 12
github.com/scaleway/scaleway-sdk-go/api/instance/v1/instance_sdk.go:608.16,611.3 1 0
github.com/scaleway/scaleway-sdk-go/api/instance/v1/instance_sdk.go:612.2,612.21 1 12
github.com/scaleway/scaleway-sdk-go/api/instance/v1/instance_sdk.go:615.62,621.2 1 0
github.com/scaleway/scaleway-sdk-go/api/instance/v1/instance_sdk.go:623.62,625.2 1 0
github.com/scaleway/scaleway-sdk-go/api/instance/v1/instance_sdk.go:627.66,630.51 2 12
github.com/scaleway/scaleway-sdk-go/api/instance/v1/instance_sdk.go:630.51,632.3 1 0
github.com/scaleway/scaleway-sdk-go/api/instance/v1/instance_sdk.go:634.2,635.12 2 12
github.com/scaleway/scaleway-sdk-go/api/instance/v1/instance_sdk.go:650.42,651.16 1 133
github.com/scaleway/scaleway-sdk-go/api/instance/v1/instance_sdk.go:651.16,654.3 1 0
github.com/scaleway/scaleway-sdk-go/api/instance/v1/instance_sdk.go:655.2,655.21 1 133
github.com/scaleway/scaleway-sdk-go/api/instance/v1/instance_sdk.go:658.50,668.2 1 0
github.com/scaleway/scaleway-sdk-go/api/instance/v1/instance_sdk.go:670.56,672.2 1 1
github.com/scaleway/scaleway-sdk-go/api/instance/v1/instance_sdk.go:674.60,677.51 2 132
github.com/scaleway/scaleway-sdk-go/api/instance/v1/instance_sdk.go:677.51,679.3 1 0
github.com/scaleway/scaleway-sdk-go/api/instance/v1/instance_sdk.go:681.2,682.12 2 132
github.com/scaleway/scaleway-sdk-go/api/instance/v1/instance_sdk.go:694.51,695.16 1 0
github.com/scaleway/scaleway-sdk-go/api/instance/v1/instance_sdk.go:695.16,698.3 1 0
github.com/scaleway/scaleway-sdk-go/api/instance/v1/instance_sdk.go:699.2,699.21 1 0
github.com/scaleway/scaleway-sdk-go/api/instance/v1/instance_sdk.go:702.68,709.2 1 0
github.com/scaleway/scaleway-sdk-go/api/instance/v1/instance_sdk.go:711.65,713.2 1 0
github.com/scaleway/scaleway-sdk-go/api/instance/v1/instance_sdk.go:715.69,718.51 2 0
github.com/scaleway/scaleway-sdk-go/api/instance/v1/instance_sdk.go:718.51,720.3 1 0
github.com/scaleway/scaleway-sdk-go/api/instance/v1/instance_sdk.go:722.2,723.12 2 0
github.com/scaleway/scaleway-sdk-go/api/instance/v1/instance_sdk.go:733.46,734.16 1 24
github.com/scaleway/scaleway-sdk-go/api/instance/v1/instance_sdk.go:734.16,737.3 1 0
github.com/scaleway/scaleway-sdk-go/api/instance/v1/instance_sdk.go:738.2,738.21 1 24
github.com/scaleway/scaleway-sdk-go/api/instance/v1/instance_sdk.go:741.58,746.2 1 0
github.com/scaleway/scaleway-sdk-go/api/instance/v1/instance_sdk.go:748.60,750.2 1 0
github.com/scaleway/scaleway-sdk-go/api/instance/v1/instance_sdk.go:752.64,755.51 2 24
github.com/scaleway/scaleway-sdk-go/api/instance/v1/instance_sdk.go:755.51,757.3 1 0
github.com/scaleway/scaleway-sdk-go/api/instance/v1/instance_sdk.go:759.2,760.12 2 24
github.com/scaleway/scaleway-sdk-go/api/instance/v1/instance_sdk.go:771.54,772.16 1 24
github.com/scaleway/scaleway-sdk-go/api/instance/v1/instance_sdk.go:772.16,775.3 1 0
github.com/scaleway/scaleway-sdk-go/api/instance/v1/instance_sdk.go:776.2,776.21 1 24
github.com/scaleway/scaleway-sdk-go/api/instance/v1/instance_sdk.go:779.74,785.2 1 0
github.com/scaleway/scaleway-sdk-go/api/instance/v1/instance_sdk.go:787.68,789.2 1 0
github.com/scaleway/scaleway-sdk-go/api/instance/v1/instance_sdk.go:791.72,794.51 2 24
github.com/scaleway/scaleway-sdk-go/api/instance/v1/instance_sdk.go:794.51,796.3 1 0
github.com/scaleway/scaleway-sdk-go/api/instance/v1/instance_sdk.go:798.2,799.12 2 24
github.com/scaleway/scaleway-sdk-go/api/instance/v1/instance_sdk.go:812.43,813.16 1 24
github.com/scaleway/scaleway-sdk-go/api/instance/v1/instance_sdk.go:813.16,816.3 1 0
github.com/scaleway/scaleway-sdk-go/api/instance/v1/instance_sdk.go:817.2,817.21 1 24
github.com/scaleway/scaleway-sdk-go/api/instance/v1/instance_sdk.go:820.52,828.2 1 0
github.com/scaleway/scaleway-sdk-go/api/instance/v1/instance_sdk.go:830.57,832.2 1 0
github.com/scaleway/scaleway-sdk-go/api/instance/v1/instance_sdk.go:834.61,837.51 2 24
github.com/scaleway/scaleway-sdk-go/api/instance/v1/instance_sdk.go:837.51,839.3 1 0
github.com/scaleway/scaleway-sdk-go/api/instance/v1/instance_sdk.go:841.2,842.12 2 24
github.com/scaleway/scaleway-sdk-go/api/instance/v1/instance_sdk.go:856.41,857.16 1 50
github.com/scaleway/scaleway-sdk-go/api/instance/v1/instance_sdk.go:857.16,860.3 1 0
github.com/scaleway/scaleway-sdk-go/api/instance/v1/instance_sdk.go:861.2,861.21 1 50
github.com/scaleway/scaleway-sdk-go/api/instance/v1/instance_sdk.go:864.48,873.2 1 0
github.com/scaleway/scaleway-sdk-go/api/instance/v1/instance_sdk.go:875.55,877.2 1 0
github.com/scaleway/scaleway-sdk-go/api/instance/v1/instance_sdk.go:879.59,882.51 2 50
github.com/scaleway/scaleway-sdk-go/api/instance/v1/instance_sdk.go:882.51,884.3 1 0
github.com/scaleway/scaleway-sdk-go/api/instance/v1/instance_sdk.go:886.2,887.12 2 50
github.com/scaleway/scaleway-sdk-go/api/instance/v1/instance_sdk.go:898.53,899.16 1 0
github.com/scaleway/scaleway-sdk-go/api/instance/v1/instance_sdk.go:899.16,902.3 1 0
github.com/scaleway/scaleway-sdk-go/api/instance/v1/instance_sdk.go:903.2,903.21 1 0
github.com/scaleway/scaleway-sdk-go/api/instance/v1/instance_sdk.go:906.72,912.2 1 0
github.com/scaleway/scaleway-sdk-go/api/instance/v1/instance_sdk.go:914.67,916.2 1 0
github.com/scaleway/scaleway-sdk-go/api/instance/v1/instance_sdk.go:918.71,921.51 2 0
github.com/scaleway/scaleway-sdk-go/api/instance/v1/instance_sdk.go:921.51,923.3 1 0
github.com/scaleway/scaleway-sdk-go/api/instance/v1/instance_sdk.go:925.2,926.12 2 0
github.com/scaleway/scaleway-sdk-go/api/instance/v1/instance_sdk.go:940.43,941.16 1 8
github.com/scaleway/scaleway-sdk-go/api/instance/v1/instance_sdk.go:941.16,944.3 1 0
github.com/scaleway/scaleway-sdk-go/api/instance/v1/instance_sdk.go:945.2,945.21 1 8
github.com/scaleway/scaleway-sdk-go/api/instance/v1/instance_sdk.go:948.52,957.2 1 0
github.com/scaleway/scaleway-sdk-go/api/instance/v1/instance_sdk.go:959.57,961.2 1 0
github.com/scaleway/scaleway-sdk-go/api/instance/v1/instance_sdk.go:963.61,966.51 2 8
github.com/scaleway/scaleway-sdk-go/api/instance/v1/instance_sdk.go:966.51,968.3 1 0
github.com/scaleway/scaleway-sdk-go/api/instance/v1/instance_sdk.go:970.2,971.12 2 8
github.com/scaleway/scaleway-sdk-go/api/instance/v1/instance_sdk.go:985.48,986.16 1 3
github.com/scaleway/scaleway-sdk-go/api/instance/v1/instance_sdk.go:986.16,989.3 1 0
github.com/scaleway/scaleway-sdk-go/api/instance/v1/instance_sdk.go:990.2,990.21 1 3
github.com/scaleway/scaleway-sdk-go/api/instance/v1/instance_sdk.go:993.62,1000.2 1 0
github.com/scaleway/scaleway-sdk-go/api/instance/v1/instance_sdk.go:1002.62,1004.2 1 3
github.com/scaleway/scaleway-sdk-go/api/instance/v1/instance_sdk.go:1006.66,1009.51 2 0
github.com/scaleway/scaleway-sdk-go/api/instance/v1/instance_sdk.go:1009.51,1011.3 1 0
github.com/scaleway/scaleway-sdk-go/api/instance/v1/instance_sdk.go:1013.2,1014.12 2 0
github.com/scaleway/scaleway-sdk-go/api/instance/v1/instance_sdk.go:1027.40,1028.16 1 5
github.com/scaleway/scaleway-sdk-go/api/instance/v1/instance_sdk.go:1028.16,1031.3 1 0
github.com/scaleway/scaleway-sdk-go/api/instance/v1/instance_sdk.go:1032.2,1032.21 1 5
github.com/scaleway/scaleway-sdk-go/api/instance/v1/instance_sdk.go:1035.46,1043.2 1 0
github.com/scaleway/scaleway-sdk-go/api/instance/v1/instance_sdk.go:1045.54,1047.2 1 0
github.com/scaleway/scaleway-sdk-go/api/instance/v1/instance_sdk.go:1049.58,1052.51 2 5
github.com/scaleway/scaleway-sdk-go/api/instance/v1/instance_sdk.go:1052.51,1054.3 1 0
github.com/scaleway/scaleway-sdk-go/api/instance/v1/instance_sdk.go:1056.2,1057.12 2 5
github.com/scaleway/scaleway-sdk-go/api/instance/v1/instance_sdk.go:1073.47,1074.16 1 37
github.com/scaleway/scaleway-sdk-go/api/instance/v1/instance_sdk.go:1074.16,1077.3 1 0
github.com/scaleway/scaleway-sdk-go/api/instance/v1/instance_sdk.go:1078.2,1078.21 1 37
github.com/scaleway/scaleway-sdk-go/api/instance/v1/instance_sdk.go:1081.60,1092.2 1 0
github.com/scaleway/scaleway-sdk-go/api/instance/v1/instance_sdk.go:1094.61,1096.2 1 0
github.com/scaleway/scaleway-sdk-go/api/instance/v1/instance_sdk.go:1098.65,1101.51 2 38
github.com/scaleway/scaleway-sdk-go/api/instance/v1/instance_sdk.go:1101.51,1103.3 1 0
github.com/scaleway/scaleway-sdk-go/api/instance/v1/instance_sdk.go:1105.2,1106.12 2 37
github.com/scaleway/scaleway-sdk-go/api/instance/v1/instance_sdk.go:1119.52,1120.16 1 62
github.com/scaleway/scaleway-sdk-go/api/instance/v1/instance_sdk.go:1120.16,1123.3 1 0
github.com/scaleway/scaleway-sdk-go/api/instance/v1/instance_sdk.go:1124.2,1124.21 1 62
github.com/scaleway/scaleway-sdk-go/api/instance/v1/instance_sdk.go:1127.70,1134.2 1 0
github.com/scaleway/scaleway-sdk-go/api/instance/v1/instance_sdk.go:1136.66,1138.2 1 0
github.com/scaleway/scaleway-sdk-go/api/instance/v1/instance_sdk.go:1140.70,1143.51 2 52
github.com/scaleway/scaleway-sdk-go/api/instance/v1/instance_sdk.go:1143.51,1145.3 1 0
github.com/scaleway/scaleway-sdk-go/api/instance/v1/instance_sdk.go:1147.2,1148.12 2 52
github.com/scaleway/scaleway-sdk-go/api/instance/v1/instance_sdk.go:1164.41,1165.16 1 4
github.com/scaleway/scaleway-sdk-go/api/instance/v1/instance_sdk.go:1165.16,1168.3 1 0
github.com/scaleway/scaleway-sdk-go/api/instance/v1/instance_sdk.go:1169.2,1169.21 1 4
github.com/scaleway/scaleway-sdk-go/api/instance/v1/instance_sdk.go:1172.48,1183.2 1 0
github.com/scaleway/scaleway-sdk-go/api/instance/v1/instance_sdk.go:1185.55,1187.2 1 0
github.com/scaleway/scaleway-sdk-go/api/instance/v1/instance_sdk.go:1189.59,1192.51 2 4
github.com/scaleway/scaleway-sdk-go/api/instance/v1/instance_sdk.go:1192.51,1194.3 1 0
github.com/scaleway/scaleway-sdk-go/api/instance/v1/instance_sdk.go:1196.2,1197.12 2 4
github.com/scaleway/scaleway-sdk-go/api/instance/v1/instance_sdk.go:1213.46,1214.16 1 88
github.com/scaleway/scaleway-sdk-go/api/instance/v1/instance_sdk.go:1214.16,1217.3 1 0
github.com/scaleway/scaleway-sdk-go/api/instance/v1/instance_sdk.go:1218.2,1218.21 1 88
github.com/scaleway/scaleway-sdk-go/api/instance/v1/instance_sdk.go:1221.58,1230.2 1 0
github.com/scaleway/scaleway-sdk-go/api/instance/v1/instance_sdk.go:1232.60,1234.2 1 14
github.com/scaleway/scaleway-sdk-go/api/instance/v1/instance_sdk.go:1236.64,1239.51 2 64
github.com/scaleway/scaleway-sdk-go/api/instance/v1/instance_sdk.go:1239.51,1241.3 1 0
github.com/scaleway/scaleway-sdk-go/api/instance/v1/instance_sdk.go:1243.2,1244.12 2 64
github.com/scaleway/scaleway-sdk-go/api/instance/v1/instance_sdk.go:2902.75,2904.2 1 0
github.com/scaleway/scaleway-sdk-go/api/instance/v1/instance_sdk.go:2908.84,2910.9 2 0
github.com/scaleway/scaleway-sdk-go/api/instance/v1/instance_sdk.go:2910.9,2912.3 1 0
github.com/scaleway/scaleway-sdk-go/api/instance/v1/instance_sdk.go:2914.2,2914.22 1 0
github.com/scaleway/scaleway-sdk-go/api/instance/v1/instance_sdk.go:2914.22,2916.3 1 0
github.com/scaleway/scaleway-sdk-go/api/instance/v1/instance_sdk.go:2917.2,2917.36 1 0
github.com/scaleway/scaleway-sdk-go/api/instance/v1/instance_sdk.go:2917.36,2919.3 1 0
github.com/scaleway/scaleway-sdk-go/api/instance/v1/instance_sdk.go:2920.2,2921.42 2 0
github.com/scaleway/scaleway-sdk-go/api/instance/v1/instance_sdk.go:2996.56,2998.2 1 0
github.com/scaleway/scaleway-sdk-go/api/instance/v1/instance_sdk.go:3002.65,3004.9 2 0
github.com/scaleway/scaleway-sdk-go/api/instance/v1/instance_sdk.go:3004.9,3006.3 1 0
github.com/scaleway/scaleway-sdk-go/api/instance/v1/instance_sdk.go:3008.2,3010.38 3 0
github.com/scaleway/scaleway-sdk-go/api/instance/v1/instance_sdk.go:3046.59,3048.2 1 0
github.com/scaleway/scaleway-sdk-go/api/instance/v1/instance_sdk.go:3052.68,3054.9 2 0
github.com/scaleway/scaleway-sdk-go/api/instance/v1/instance_sdk.go:3054.9,3056.3 1 0
github.com/scaleway/scaleway-sdk-go/api/instance/v1/instance_sdk.go:3058.2,3060.41 3 0
github.com/scaleway/scaleway-sdk-go/api/instance/v1/instance_sdk.go:3098.68,3100.2 1 0
github.com/scaleway/scaleway-sdk-go/api/instance/v1/instance_sdk.go:3104.77,3106.9 2 0
github.com/scaleway/scaleway-sdk-go/api/instance/v1/instance_sdk.go:3106.9,3108.3 1 0
github.com/scaleway/scaleway-sdk-go/api/instance/v1/instance_sdk.go:3110.2,3112.50 3 0
github.com/scaleway/scaleway-sdk-go/api/instance/v1/instance_sdk.go:3142.64,3144.2 1 0
github.com/scaleway/scaleway-sdk-go/api/instance/v1/instance_sdk.go:3148.73,3150.9 2 0
github.com/scaleway/scaleway-sdk-go/api/instance/v1/instance_sdk.go:3150.9,3152.3 1 0
github.com/scaleway/scaleway-sdk-go/api/instance/v1/instance_sdk.go:3154.2,3156.46 3 0
github.com/scaleway/scaleway-sdk-go/api/instance/v1/instance_sdk.go:3185.71,3187.2 1 0
github.com/scaleway/scaleway-sdk-go/api/instance/v1/instance_sdk.go:3191.80,3193.9 2 0
github.com/scaleway/scaleway-sdk-go/api/instance/v1/instance_sdk.go:3193.9,3195.3 1 0
github.com/scaleway/scaleway-sdk-go/api/instance/v1/instance_sdk.go:3197.2,3199.40 3 0
github.com/scaleway/scaleway-sdk-go/api/instance/v1/instance_sdk.go:3240.67,3242.2 1 0
github.com/scaleway/scaleway-sdk-go/api/instance/v1/instance_sdk.go:3246.76,3248.9 2 0
github.com/scaleway/scaleway-sdk-go/api/instance/v1/instance_sdk.go:3248.9,3250.3 1 0
github.com/scaleway/scaleway-sdk-go/api/instance/v1/instance_sdk.go:3252.2,3254.49 3 0
github.com/scaleway/scaleway-sdk-go/api/instance/v1/instance_sdk.go:3351.60,3353.2 1 0
github.com/scaleway/scaleway-sdk-go/api/instance/v1/instance_sdk.go:3357.69,3359.9 2 10
github.com/scaleway/scaleway-sdk-go/api/instance/v1/instance_sdk.go:3359.9,3361.3 1 0
github.com/scaleway/scaleway-sdk-go/api/instance/v1/instance_sdk.go:3363.2,3365.42 3 10
github.com/scaleway/scaleway-sdk-go/api/instance/v1/instance_sdk.go:3389.65,3391.2 1 1
github.com/scaleway/scaleway-sdk-go/api/instance/v1/instance_sdk.go:3395.74,3397.9 2 2
github.com/scaleway/scaleway-sdk-go/api/instance/v1/instance_sdk.go:3397.9,3399.3 1 0
github.com/scaleway/scaleway-sdk-go/api/instance/v1/instance_sdk.go:3401.2,3401.22 1 2
github.com/scaleway/scaleway-sdk-go/api/instance/v1/instance_sdk.go:3401.22,3403.3 1 1
github.com/scaleway/scaleway-sdk-go/api/instance/v1/instance_sdk.go:3404.2,3404.36 1 2
github.com/scaleway/scaleway-sdk-go/api/instance/v1/instance_sdk.go:3404.36,3406.3 1 75
github.com/scaleway/scaleway-sdk-go/api/instance/v1/instance_sdk.go:3407.2,3408.42 2 2
github.com/scaleway/scaleway-sdk-go/api/instance/v1/instance_sdk.go:3449.62,3451.2 1 0
github.com/scaleway/scaleway-sdk-go/api/instance/v1/instance_sdk.go:3455.71,3457.9 2 0
github.com/scaleway/scaleway-sdk-go/api/instance/v1/instance_sdk.go:3457.9,3459.3 1 0
github.com/scaleway/scaleway-sdk-go/api/instance/v1/instance_sdk.go:3461.2,3463.44 3 0
github.com/scaleway/scaleway-sdk-go/api/instance/v1/instance_sdk.go:3505.60,3507.2 1 0
github.com/scaleway/scaleway-sdk-go/api/instance/v1/instance_sdk.go:3511.69,3513.9 2 0
github.com/scaleway/scaleway-sdk-go/api/instance/v1/instance_sdk.go:3513.9,3515.3 1 0
github.com/scaleway/scaleway-sdk-go/api/instance/v1/instance_sdk.go:3517.2,3519.42 3 0
github.com/scaleway/scaleway-sdk-go/api/instance/v1/instance_sdk.go:3543.65,3545.2 1 0
github.com/scaleway/scaleway-sdk-go/api/instance/v1/instance_sdk.go:3549.74,3551.9 2 0
github.com/scaleway/scaleway-sdk-go/api/instance/v1/instance_sdk.go:3551.9,3553.3 1 0
github.com/scaleway/scaleway-sdk-go/api/instance/v1/instance_sdk.go:3555.2,3555.22 1 0
github.com/scaleway/scaleway-sdk-go/api/instance/v1/instance_sdk.go:3555.22,3557.3 1 0
github.com/scaleway/scaleway-sdk-go/api/instance/v1/instance_sdk.go:3558.2,3558.36 1 0
github.com/scaleway/scaleway-sdk-go/api/instance/v1/instance_sdk.go:3558.36,3560.3 1 0
github.com/scaleway/scaleway-sdk-go/api/instance/v1/instance_sdk.go:3561.2,3562.42 2 0
github.com/scaleway/scaleway-sdk-go/api/instance/v1/instance_sdk.go:4282.38,4286.2 1 44
github.com/scaleway/scaleway-sdk-go/api/instance/v1/instance_sdk.go:4288.34,4290.2 1 1
github.com/scaleway/scaleway-sdk-go/api/instance/v1/instance_sdk.go:4293.154,4296.20 2 0
github.com/scaleway/scaleway-sdk-go/api/instance/v1/instance_sdk.go:4296.20,4299.3 2 0
github.com/scaleway/scaleway-sdk-go/api/instance/v1/instance_sdk.go:4301.2,4305.32 4 0
github.com/scaleway/scaleway-sdk-go/api/instance/v1/instance_sdk.go:4305.32,4307.3 1 0
github.com/scaleway/scaleway-sdk-go/api/instance/v1/instance_sdk.go:4309.2,4318.16 4 0
github.com/scaleway/scaleway-sdk-go/api/instance/v1/instance_sdk.go:4318.16,4320.3 1 0
github.com/scaleway/scaleway-sdk-go/api/instance/v1/instance_sdk.go:4321.2,4321.19 1 0
github.com/scaleway/scaleway-sdk-go/api/instance/v1/instance_sdk.go:4325.124,4328.20 2 1
github.com/scaleway/scaleway-sdk-go/api/instance/v1/instance_sdk.go:4328.20,4331.3 2 0
github.com/scaleway/scaleway-sdk-go/api/instance/v1/instance_sdk.go:4333.2,4337.32 4 1
github.com/scaleway/scaleway-sdk-go/api/instance/v1/instance_sdk.go:4337.32,4339.3 1 0
github.com/scaleway/scaleway-sdk-go/api/instance/v1/instance_sdk.go:4341.2,4350.16 4 1
github.com/scaleway/scaleway-sdk-go/api/instance/v1/instance_sdk.go:4350.16,4352.3 1 0
github.com/scaleway/scaleway-sdk-go/api/instance/v1/instance_sdk.go:4353.2,4353.19 1 1
github.com/scaleway/scaleway-sdk-go/api/instance/v1/instance_sdk.go:4357.124,4360.20 2 0
github.com/scaleway/scaleway-sdk-go/api/instance/v1/instance_sdk.go:4360.20,4363.3 2 0
github.com/scaleway/scaleway-sdk-go/api/instance/v1/instance_sdk.go:4365.2,4369.32 4 0
github.com/scaleway/scaleway-sdk-go/api/instance/v1/instance_sdk.go:4369.32,4371.3 1 0
github.com/scaleway/scaleway-sdk-go/api/instance/v1/instance_sdk.go:4373.2,4382.16 4 0
github.com/scaleway/scaleway-sdk-go/api/instance/v1/instance_sdk.go:4382.16,4384.3 1 0
github.com/scaleway/scaleway-sdk-go/api/instance/v1/instance_sdk.go:4385.2,4385.19 1 0
github.com/scaleway/scaleway-sdk-go/api/instance/v1/instance_sdk.go:4389.109,4392.20 2 1
github.com/scaleway/scaleway-sdk-go/api/instance/v1/instance_sdk.go:4392.20,4395.3 2 1
github.com/scaleway/scaleway-sdk-go/api/instance/v1/instance_sdk.go:4397.2,4408.24 12 1
github.com/scaleway/scaleway-sdk-go/api/instance/v1/instance_sdk.go:4408.24,4410.3 1 0
github.com/scaleway/scaleway-sdk-go/api/instance/v1/instance_sdk.go:4411.2,4413.35 3 1
github.com/scaleway/scaleway-sdk-go/api/instance/v1/instance_sdk.go:4413.35,4415.3 1 0
github.com/scaleway/scaleway-sdk-go/api/instance/v1/instance_sdk.go:4416.2,4417.27 2 1
github.com/scaleway/scaleway-sdk-go/api/instance/v1/instance_sdk.go:4417.27,4419.3 1 0
github.com/scaleway/scaleway-sdk-go/api/instance/v1/instance_sdk.go:4421.2,4421.32 1 1
github.com/scaleway/scaleway-sdk-go/api/instance/v1/instance_sdk.go:4421.32,4423.3 1 0
github.com/scaleway/scaleway-sdk-go/api/instance/v1/instance_sdk.go:4425.2,4434.16 4 1
github.com/scaleway/scaleway-sdk-go/api/instance/v1/instance_sdk.go:4434.16,4436.3 1 0
github.com/scaleway/scaleway-sdk-go/api/instance/v1/instance_sdk.go:4437.2,4437.19 1 1
github.com/scaleway/scaleway-sdk-go/api/instance/v1/instance_sdk.go:4442.112,4445.20 2 20
github.com/scaleway/scaleway-sdk-go/api/instance/v1/instance_sdk.go:4445.20,4448.3 2 2
github.com/scaleway/scaleway-sdk-go/api/instance/v1/instance_sdk.go:4450.2,4451.60 2 20
github.com/scaleway/scaleway-sdk-go/api/instance/v1/instance_sdk.go:4451.60,4453.3 1 0
github.com/scaleway/scaleway-sdk-go/api/instance/v1/instance_sdk.go:4455.2,4456.60 2 20
github.com/scaleway/scaleway-sdk-go/api/instance/v1/instance_sdk.go:4456.60,4458.3 1 0
github.com/scaleway/scaleway-sdk-go/api/instance/v1/instance_sdk.go:4460.2,4460.20 1 20
github.com/scaleway/scaleway-sdk-go/api/instance/v1/instance_sdk.go:4460.20,4462.3 1 15
github.com/scaleway/scaleway-sdk-go/api/instance/v1/instance_sdk.go:4464.2,4464.32 1 20
github.com/scaleway/scaleway-sdk-go/api/instance/v1/instance_sdk.go:4464.32,4466.3 1 0
github.com/scaleway/scaleway-sdk-go/api/instance/v1/instance_sdk.go:4468.2,4474.16 3 20
github.com/scaleway/scaleway-sdk-go/api/instance/v1/instance_sdk.go:4474.16,4476.3 1 0
github.com/scaleway/scaleway-sdk-go/api/instance/v1/instance_sdk.go:4478.2,4481.16 3 20
github.com/scaleway/scaleway-sdk-go/api/instance/v1/instance_sdk.go:4481.16,4483.3 1 1
github.com/scaleway/scaleway-sdk-go/api/instance/v1/instance_sdk.go:4484.2,4484.19 1 19
github.com/scaleway/scaleway-sdk-go/api/instance/v1/instance_sdk.go:4488.87,4491.20 2 17
github.com/scaleway/scaleway-sdk-go/api/instance/v1/instance_sdk.go:4491.20,4494.3 2 2
github.com/scaleway/scaleway-sdk-go/api/instance/v1/instance_sdk.go:4496.2,4496.32 1 17
github.com/scaleway/scaleway-sdk-go/api/instance/v1/instance_sdk.go:4496.32,4498.3 1 0
github.com/scaleway/scaleway-sdk-go/api/instance/v1/instance_sdk.go:4500.2,4500.36 1 17
github.com/scaleway/scaleway-sdk-go/api/instance/v1/instance_sdk.go:4500.36,4502.3 1 0
github.com/scaleway/scaleway-sdk-go/api/instance/v1/instance_sdk.go:4504.2,4510.16 3 17
github.com/scaleway/scaleway-sdk-go/api/instance/v1/instance_sdk.go:4510.16,4512.3 1 0
github.com/scaleway/scaleway-sdk-go/api/instance/v1/instance_sdk.go:4513.2,4513.12 1 17
github.com/scaleway/scaleway-sdk-go/api/instance/v1/instance_sdk.go:4517.103,4520.20 2 12
github.com/scaleway/scaleway-sdk-go/api/instance/v1/instance_sdk.go:4520.20,4523.3 2 0
github.com/scaleway/scaleway-sdk-go/api/instance/v1/instance_sdk.go:4525.2,4525.32 1 12
github.com/scaleway/scaleway-sdk-go/api/instance/v1/instance_sdk.go:4525.32,4527.3 1 0
github.com/scaleway/scaleway-sdk-go/api/instance/v1/instance_sdk.go:4529.2,4529.36 1 12
github.com/scaleway/scaleway-sdk-go/api/instance/v1/instance_sdk.go:4529.36,4531.3 1 0
github.com/scaleway/scaleway-sdk-go/api/instance/v1/instance_sdk.go:4533.2,4541.16 4 12
github.com/scaleway/scaleway-sdk-go/api/instance/v1/instance_sdk.go:4541.16,4543.3 1 0
github.com/scaleway/scaleway-sdk-go/api/instance/v1/instance_sdk.go:4544.2,4544.19 1 12
github.com/scaleway/scaleway-sdk-go/api/instance/v1/instance_sdk.go:4548.103,4551.20 2 0
github.com/scaleway/scaleway-sdk-go/api/instance/v1/instance_sdk.go:4551.20,4554.3 2 0
github.com/scaleway/scaleway-sdk-go/api/instance/v1/instance_sdk.go:4556.2,4556.28 1 0
github.com/scaleway/scaleway-sdk-go/api/instance/v1/instance_sdk.go:4556.28,4559.3 2 0
github.com/scaleway/scaleway-sdk-go/api/instance/v1/instance_sdk.go:4561.2,4561.23 1 0
github.com/scaleway/scaleway-sdk-go/api/instance/v1/instance_sdk.go:4561.23,4564.3 2 0
github.com/scaleway/scaleway-sdk-go/api/instance/v1/instance_sdk.go:4566.2,4566.32 1 0
github.com/scaleway/scaleway-sdk-go/api/instance/v1/instance_sdk.go:4566.32,4568.3 1 0
github.com/scaleway/scaleway-sdk-go/api/instance/v1/instance_sdk.go:4570.2,4570.30 1 0
github.com/scaleway/scaleway-sdk-go/api/instance/v1/instance_sdk.go:4570.30,4572.3 1 0
github.com/scaleway/scaleway-sdk-go/api/instance/v1/instance_sdk.go:4574.2,4580.16 3 0
github.com/scaleway/scaleway-sdk-go/api/instance/v1/instance_sdk.go:4580.16,4582.3 1 0
github.com/scaleway/scaleway-sdk-go/api/instance/v1/instance_sdk.go:4584.2,4587.16 3 0
github.com/scaleway/scaleway-sdk-go/api/instance/v1/instance_sdk.go:4587.16,4589.3 1 0
github.com/scaleway/scaleway-sdk-go/api/instance/v1/instance_sdk.go:4590.2,4590.19 1 0
github.com/scaleway/scaleway-sdk-go/api/instance/v1/instance_sdk.go:4594.112,4597.20 2 2
github.com/scaleway/scaleway-sdk-go/api/instance/v1/instance_sdk.go:4597.20,4600.3 2 0
github.com/scaleway/scaleway-sdk-go/api/instance/v1/instance_sdk.go:4602.2,4602.32 1 2
github.com/scaleway/scaleway-sdk-go/api/instance/v1/instance_sdk.go:4602.32,4604.3 1 0
github.com/scaleway/scaleway-sdk-go/api/instance/v1/instance_sdk.go:4606.2,4606.36 1 2
github.com/scaleway/scaleway-sdk-go/api/instance/v1/instance_sdk.go:4606.36,4608.3 1 0
github.com/scaleway/scaleway-sdk-go/api/instance/v1/instance_sdk.go:4610.2,4616.16 3 2
github.com/scaleway/scaleway-sdk-go/api/instance/v1/instance_sdk.go:4616.16,4618.3 1 0
github.com/scaleway/scaleway-sdk-go/api/instance/v1/instance_sdk.go:4620.2,4623.16 3 2
github.com/scaleway/scaleway-sdk-go/api/instance/v1/instance_sdk.go:4623.16,4625.3 1 0
github.com/scaleway/scaleway-sdk-go/api/instance/v1/instance_sdk.go:4626.2,4626.19 1 2
github.com/scaleway/scaleway-sdk-go/api/instance/v1/instance_sdk.go:4630.127,4633.20 2 0
github.com/scaleway/scaleway-sdk-go/api/instance/v1/instance_sdk.go:4633.20,4636.3 2 0
github.com/scaleway/scaleway-sdk-go/api/instance/v1/instance_sdk.go:4638.2,4638.32 1 0
github.com/scaleway/scaleway-sdk-go/api/instance/v1/instance_sdk.go:4638.32,4640.3 1 0
github.com/scaleway/scaleway-sdk-go/api/instance/v1/instance_sdk.go:4642.2,4642.36 1 0
github.com/scaleway/scaleway-sdk-go/api/instance/v1/instance_sdk.go:4642.36,4644.3 1 0
github.com/scaleway/scaleway-sdk-go/api/instance/v1/instance_sdk.go:4646.2,4654.16 4 0
github.com/scaleway/scaleway-sdk-go/api/instance/v1/instance_sdk.go:4654.16,4656.3 1 0
github.com/scaleway/scaleway-sdk-go/api/instance/v1/instance_sdk.go:4657.2,4657.19 1 0
github.com/scaleway/scaleway-sdk-go/api/instance/v1/instance_sdk.go:4676.112,4679.20 2 1
github.com/scaleway/scaleway-sdk-go/api/instance/v1/instance_sdk.go:4679.20,4682.3 2 1
github.com/scaleway/scaleway-sdk-go/api/instance/v1/instance_sdk.go:4684.2,4684.32 1 1
github.com/scaleway/scaleway-sdk-go/api/instance/v1/instance_sdk.go:4684.32,4686.3 1 0
github.com/scaleway/scaleway-sdk-go/api/instance/v1/instance_sdk.go:4688.2,4688.36 1 1
github.com/scaleway/scaleway-sdk-go/api/instance/v1/instance_sdk.go:4688.36,4690.3 1 0
github.com/scaleway/scaleway-sdk-go/api/instance/v1/instance_sdk.go:4692.2,4698.16 3 1
github.com/scaleway/scaleway-sdk-go/api/instance/v1/instance_sdk.go:4698.16,4700.3 1 0
github.com/scaleway/scaleway-sdk-go/api/instance/v1/instance_sdk.go:4702.2,4705.16 3 1
github.com/scaleway/scaleway-sdk-go/api/instance/v1/instance_sdk.go:4705.16,4707.3 1 0
github.com/scaleway/scaleway-sdk-go/api/instance/v1/instance_sdk.go:4708.2,4708.19 1 1
github.com/scaleway/scaleway-sdk-go/api/instance/v1/instance_sdk.go:4712.130,4715.20 2 6
github.com/scaleway/scaleway-sdk-go/api/instance/v1/instance_sdk.go:4715.20,4718.3 2 0
github.com/scaleway/scaleway-sdk-go/api/instance/v1/instance_sdk.go:4720.2,4720.32 1 6
github.com/scaleway/scaleway-sdk-go/api/instance/v1/instance_sdk.go:4720.32,4722.3 1 0
github.com/scaleway/scaleway-sdk-go/api/instance/v1/instance_sdk.go:4724.2,4724.36 1 6
github.com/scaleway/scaleway-sdk-go/api/instance/v1/instance_sdk.go:4724.36,4726.3 1 0
github.com/scaleway/scaleway-sdk-go/api/instance/v1/instance_sdk.go:4728.2,4736.16 4 6
github.com/scaleway/scaleway-sdk-go/api/instance/v1/instance_sdk.go:4736.16,4738.3 1 0
github.com/scaleway/scaleway-sdk-go/api/instance/v1/instance_sdk.go:4739.2,4739.19 1 6
github.com/scaleway/scaleway-sdk-go/api/instance/v1/instance_sdk.go:4743.103,4746.20 2 5
github.com/scaleway/scaleway-sdk-go/api/instance/v1/instance_sdk.go:4746.20,4749.3 2 0
github.com/scaleway/scaleway-sdk-go/api/instance/v1/instance_sdk.go:4751.2,4751.32 1 5
github.com/scaleway/scaleway-sdk-go/api/instance/v1/instance_sdk.go:4751.32,4753.3 1 0
github.com/scaleway/scaleway-sdk-go/api/instance/v1/instance_sdk.go:4755.2,4755.36 1 5
github.com/scaleway/scaleway-sdk-go/api/instance/v1/instance_sdk.go:4755.36,4757.3 1 0
github.com/scaleway/scaleway-sdk-go/api/instance/v1/instance_sdk.go:4759.2,4759.31 1 5
github.com/scaleway/scaleway-sdk-go/api/instance/v1/instance_sdk.go:4759.31,4761.3 1 0
github.com/scaleway/scaleway-sdk-go/api/instance/v1/instance_sdk.go:4763.2,4769.16 3 5
github.com/scaleway/scaleway-sdk-go/api/instance/v1/instance_sdk.go:4769.16,4771.3 1 0
github.com/scaleway/scaleway-sdk-go/api/instance/v1/instance_sdk.go:4772.2,4772.12 1 5
github.com/scaleway/scaleway-sdk-go/api/instance/v1/instance_sdk.go:4781.137,4784.20 2 0
github.com/scaleway/scaleway-sdk-go/api/instance/v1/instance_sdk.go:4784.20,4787.3 2 0
github.com/scaleway/scaleway-sdk-go/api/instance/v1/instance_sdk.go:4789.2,4789.32 1 0
github.com/scaleway/scaleway-sdk-go/api/instance/v1/instance_sdk.go:4789.32,4791.3 1 0
github.com/scaleway/scaleway-sdk-go/api/instance/v1/instance_sdk.go:4793.2,4793.36 1 0
github.com/scaleway/scaleway-sdk-go/api/instance/v1/instance_sdk.go:4793.36,4795.3 1 0
github.com/scaleway/scaleway-sdk-go/api/instance/v1/instance_sdk.go:4797.2,4805.16 4 0
github.com/scaleway/scaleway-sdk-go/api/instance/v1/instance_sdk.go:4805.16,4807.3 1 0
github.com/scaleway/scaleway-sdk-go/api/instance/v1/instance_sdk.go:4808.2,4808.19 1 0
github.com/scaleway/scaleway-sdk-go/api/instance/v1/instance_sdk.go:4812.130,4815.20 2 3
github.com/scaleway/scaleway-sdk-go/api/instance/v1/instance_sdk.go:4815.20,4818.3 2 0
github.com/scaleway/scaleway-sdk-go/api/instance/v1/instance_sdk.go:4820.2,4820.32 1 3
github.com/scaleway/scaleway-sdk-go/api/instance/v1/instance_sdk.go:4820.32,4822.3 1 0
github.com/scaleway/scaleway-sdk-go/api/instance/v1/instance_sdk.go:4824.2,4824.36 1 3
github.com/scaleway/scaleway-sdk-go/api/instance/v1/instance_sdk.go:4824.36,4826.3 1 0
github.com/scaleway/scaleway-sdk-go/api/instance/v1/instance_sdk.go:4828.2,4834.16 3 3
github.com/scaleway/scaleway-sdk-go/api/instance/v1/instance_sdk.go:4834.16,4836.3 1 0
github.com/scaleway/scaleway-sdk-go/api/instance/v1/instance_sdk.go:4838.2,4841.16 3 3
github.com/scaleway/scaleway-sdk-go/api/instance/v1/instance_sdk.go:4841.16,4843.3 1 0
github.com/scaleway/scaleway-sdk-go/api/instance/v1/instance_sdk.go:4844.2,4844.19 1 3
github.com/scaleway/scaleway-sdk-go/api/instance/v1/instance_sdk.go:4848.130,4851.20 2 2
github.com/scaleway/scaleway-sdk-go/api/instance/v1/instance_sdk.go:4851.20,4854.3 2 0
github.com/scaleway/scaleway-sdk-go/api/instance/v1/instance_sdk.go:4856.2,4856.32 1 2
github.com/scaleway/scaleway-sdk-go/api/instance/v1/instance_sdk.go:4856.32,4858.3 1 0
github.com/scaleway/scaleway-sdk-go/api/instance/v1/instance_sdk.go:4860.2,4860.36 1 2
github.com/scaleway/scaleway-sdk-go/api/instance/v1/instance_sdk.go:4860.36,4862.3 1 0
github.com/scaleway/scaleway-sdk-go/api/instance/v1/instance_sdk.go:4864.2,4870.16 3 2
github.com/scaleway/scaleway-sdk-go/api/instance/v1/instance_sdk.go:4870.16,4872.3 1 0
github.com/scaleway/scaleway-sdk-go/api/instance/v1/instance_sdk.go:4874.2,4877.16 3 2
github.com/scaleway/scaleway-sdk-go/api/instance/v1/instance_sdk.go:4877.16,4879.3 1 0
github.com/scaleway/scaleway-sdk-go/api/instance/v1/instance_sdk.go:4880.2,4880.19 1 2
github.com/scaleway/scaleway-sdk-go/api/instance/v1/instance_sdk.go:4884.142,4887.20 2 0
github.com/scaleway/scaleway-sdk-go/api/instance/v1/instance_sdk.go:4887.20,4890.3 2 0
github.com/scaleway/scaleway-sdk-go/api/instance/v1/instance_sdk.go:4892.2,4892.32 1 0
github.com/scaleway/scaleway-sdk-go/api/instance/v1/instance_sdk.go:4892.32,4894.3 1 0
github.com/scaleway/scaleway-sdk-go/api/instance/v1/instance_sdk.go:4896.2,4896.36 1 0
github.com/scaleway/scaleway-sdk-go/api/instance/v1/instance_sdk.go:4896.36,4898.3 1 0
github.com/scaleway/scaleway-sdk-go/api/instance/v1/instance_sdk.go:4900.2,4906.16 3 0
github.com/scaleway/scaleway-sdk-go/api/instance/v1/instance_sdk.go:4906.16,4908.3 1 0
github.com/scaleway/scaleway-sdk-go/api/instance/v1/instance_sdk.go:4910.2,4913.16 3 0
github.com/scaleway/scaleway-sdk-go/api/instance/v1/instance_sdk.go:4913.16,4915.3 1 0
github.com/scaleway/scaleway-sdk-go/api/instance/v1/instance_sdk.go:4916.2,4916.19 1 0
github.com/scaleway/scaleway-sdk-go/api/instance/v1/instance_sdk.go:4920.142,4923.20 2 0
github.com/scaleway/scaleway-sdk-go/api/instance/v1/instance_sdk.go:4923.20,4926.3 2 0
github.com/scaleway/scaleway-sdk-go/api/instance/v1/instance_sdk.go:4928.2,4928.32 1 0
github.com/scaleway/scaleway-sdk-go/api/instance/v1/instance_sdk.go:4928.32,4930.3 1 0
github.com/scaleway/scaleway-sdk-go/api/instance/v1/instance_sdk.go:4932.2,4932.36 1 0
github.com/scaleway/scaleway-sdk-go/api/instance/v1/instance_sdk.go:4932.36,4934.3 1 0
github.com/scaleway/scaleway-sdk-go/api/instance/v1/instance_sdk.go:4936.2,4942.16 3 0
github.com/scaleway/scaleway-sdk-go/api/instance/v1/instance_sdk.go:4942.16,4944.3 1 0
github.com/scaleway/scaleway-sdk-go/api/instance/v1/instance_sdk.go:4946.2,4949.16 3 0
github.com/scaleway/scaleway-sdk-go/api/instance/v1/instance_sdk.go:4949.16,4951.3 1 0
github.com/scaleway/scaleway-sdk-go/api/instance/v1/instance_sdk.go:4952.2,4952.19 1 0
github.com/scaleway/scaleway-sdk-go/api/instance/v1/instance_sdk.go:4956.106,4959.20 2 0
github.com/scaleway/scaleway-sdk-go/api/instance/v1/instance_sdk.go:4959.20,4962.3 2 0
github.com/scaleway/scaleway-sdk-go/api/instance/v1/instance_sdk.go:4964.2,4974.32 10 0
github.com/scaleway/scaleway-sdk-go/api/instance/v1/instance_sdk.go:4974.32,4976.3 1 0
github.com/scaleway/scaleway-sdk-go/api/instance/v1/instance_sdk.go:4978.2,4987.16 4 0
github.com/scaleway/scaleway-sdk-go/api/instance/v1/instance_sdk.go:4987.16,4989.3 1 0
github.com/scaleway/scaleway-sdk-go/api/instance/v1/instance_sdk.go:4990.2,4990.19 1 0
github.com/scaleway/scaleway-sdk-go/api/instance/v1/instance_sdk.go:4994.100,4997.20 2 2
github.com/scaleway/scaleway-sdk-go/api/instance/v1/instance_sdk.go:4997.20,5000.3 2 2
github.com/scaleway/scaleway-sdk-go/api/instance/v1/instance_sdk.go:5002.2,5002.32 1 2
github.com/scaleway/scaleway-sdk-go/api/instance/v1/instance_sdk.go:5002.32,5004.3 1 0
github.com/scaleway/scaleway-sdk-go/api/instance/v1/instance_sdk.go:5006.2,5006.35 1 2
github.com/scaleway/scaleway-sdk-go/api/instance/v1/instance_sdk.go:5006.35,5008.3 1 0
github.com/scaleway/scaleway-sdk-go/api/instance/v1/instance_sdk.go:5010.2,5018.16 4 2
github.com/scaleway/scaleway-sdk-go/api/instance/v1/instance_sdk.go:5018.16,5020.3 1 0
github.com/scaleway/scaleway-sdk-go/api/instance/v1/instance_sdk.go:5021.2,5021.19 1 2
github.com/scaleway/scaleway-sdk-go/api/instance/v1/instance_sdk.go:5025.109,5028.20 2 0
github.com/scaleway/scaleway-sdk-go/api/instance/v1/instance_sdk.go:5028.20,5031.3 2 0
github.com/scaleway/scaleway-sdk-go/api/instance/v1/instance_sdk.go:5033.2,5034.60 2 0
github.com/scaleway/scaleway-sdk-go/api/instance/v1/instance_sdk.go:5034.60,5036.3 1 0
github.com/scaleway/scaleway-sdk-go/api/instance/v1/instance_sdk.go:5038.2,5039.60 2 0
github.com/scaleway/scaleway-sdk-go/api/instance/v1/instance_sdk.go:5039.60,5041.3 1 0
github.com/scaleway/scaleway-sdk-go/api/instance/v1/instance_sdk.go:5043.2,5043.20 1 0
github.com/scaleway/scaleway-sdk-go/api/instance/v1/instance_sdk.go:5043.20,5045.3 1 0
github.com/scaleway/scaleway-sdk-go/api/instance/v1/instance_sdk.go:5047.2,5047.32 1 0
github.com/scaleway/scaleway-sdk-go/api/instance/v1/instance_sdk.go:5047.32,5049.3 1 0
github.com/scaleway/scaleway-sdk-go/api/instance/v1/instance_sdk.go:5051.2,5057.16 3 0
github.com/scaleway/scaleway-sdk-go/api/instance/v1/instance_sdk.go:5057.16,5059.3 1 0
github.com/scaleway/scaleway-sdk-go/api/instance/v1/instance_sdk.go:5061.2,5064.16 3 0
github.com/scaleway/scaleway-sdk-go/api/instance/v1/instance_sdk.go:5064.16,5066.3 1 0
github.com/scaleway/scaleway-sdk-go/api/instance/v1/instance_sdk.go:5067.2,5067.19 1 0
github.com/scaleway/scaleway-sdk-go/api/instance/v1/instance_sdk.go:5071.100,5074.20 2 0
github.com/scaleway/scaleway-sdk-go/api/instance/v1/instance_sdk.go:5074.20,5077.3 2 0
github.com/scaleway/scaleway-sdk-go/api/instance/v1/instance_sdk.go:5079.2,5079.28 1 0
github.com/scaleway/scaleway-sdk-go/api/instance/v1/instance_sdk.go:5079.28,5082.3 2 0
github.com/scaleway/scaleway-sdk-go/api/instance/v1/instance_sdk.go:5084.2,5084.23 1 0
github.com/scaleway/scaleway-sdk-go/api/instance/v1/instance_sdk.go:5084.23,5087.3 2 0
github.com/scaleway/scaleway-sdk-go/api/instance/v1/instance_sdk.go:5089.2,5089.32 1 0
github.com/scaleway/scaleway-sdk-go/api/instance/v1/instance_sdk.go:5089.32,5091.3 1 0
github.com/scaleway/scaleway-sdk-go/api/instance/v1/instance_sdk.go:5093.2,5093.30 1 0
github.com/scaleway/scaleway-sdk-go/api/instance/v1/instance_sdk.go:5093.30,5095.3 1 0
github.com/scaleway/scaleway-sdk-go/api/instance/v1/instance_sdk.go:5097.2,5103.16 3 0
github.com/scaleway/scaleway-sdk-go/api/instance/v1/instance_sdk.go:5103.16,5105.3 1 0
github.com/scaleway/scaleway-sdk-go/api/instance/v1/instance_sdk.go:5107.2,5110.16 3 0
github.com/scaleway/scaleway-sdk-go/api/instance/v1/instance_sdk.go:5110.16,5112.3 1 0
github.com/scaleway/scaleway-sdk-go/api/instance/v1/instance_sdk.go:5113.2,5113.19 1 0
github.com/scaleway/scaleway-sdk-go/api/instance/v1/instance_sdk.go:5117.109,5120.20 2 0
github.com/scaleway/scaleway-sdk-go/api/instance/v1/instance_sdk.go:5120.20,5123.3 2 0
github.com/scaleway/scaleway-sdk-go/api/instance/v1/instance_sdk.go:5125.2,5125.32 1 0
github.com/scaleway/scaleway-sdk-go/api/instance/v1/instance_sdk.go:5125.32,5127.3 1 0
github.com/scaleway/scaleway-sdk-go/api/instance/v1/instance_sdk.go:5129.2,5129.35 1 0
github.com/scaleway/scaleway-sdk-go/api/instance/v1/instance_sdk.go:5129.35,5131.3 1 0
github.com/scaleway/scaleway-sdk-go/api/instance/v1/instance_sdk.go:5133.2,5139.16 3 0
github.com/scaleway/scaleway-sdk-go/api/instance/v1/instance_sdk.go:5139.16,5141.3 1 0
github.com/scaleway/scaleway-sdk-go/api/instance/v1/instance_sdk.go:5143.2,5146.16 3 0
github.com/scaleway/scaleway-sdk-go/api/instance/v1/instance_sdk.go:5146.16,5148.3 1 0
github.com/scaleway/scaleway-sdk-go/api/instance/v1/instance_sdk.go:5149.2,5149.19 1 0
github.com/scaleway/scaleway-sdk-go/api/instance/v1/instance_sdk.go:5153.85,5156.20 2 1
github.com/scaleway/scaleway-sdk-go/api/instance/v1/instance_sdk.go:5156.20,5159.3 2 1
github.com/scaleway/scaleway-sdk-go/api/instance/v1/instance_sdk.go:5161.2,5161.32 1 1
github.com/scaleway/scaleway-sdk-go/api/instance/v1/instance_sdk.go:5161.32,5163.3 1 0
github.com/scaleway/scaleway-sdk-go/api/instance/v1/instance_sdk.go:5165.2,5165.35 1 1
github.com/scaleway/scaleway-sdk-go/api/instance/v1/instance_sdk.go:5165.35,5167.3 1 0
github.com/scaleway/scaleway-sdk-go/api/instance/v1/instance_sdk.go:5169.2,5175.16 3 1
github.com/scaleway/scaleway-sdk-go/api/instance/v1/instance_sdk.go:5175.16,5177.3 1 0
github.com/scaleway/scaleway-sdk-go/api/instance/v1/instance_sdk.go:5178.2,5178.12 1 1
github.com/scaleway/scaleway-sdk-go/api/instance/v1/instance_sdk.go:5182.115,5185.20 2 0
github.com/scaleway/scaleway-sdk-go/api/instance/v1/instance_sdk.go:5185.20,5188.3 2 0
github.com/scaleway/scaleway-sdk-go/api/instance/v1/instance_sdk.go:5190.2,5199.32 9 0
github.com/scaleway/scaleway-sdk-go/api/instance/v1/instance_sdk.go:5199.32,5201.3 1 0
github.com/scaleway/scaleway-sdk-go/api/instance/v1/instance_sdk.go:5203.2,5212.16 4 0
github.com/scaleway/scaleway-sdk-go/api/instance/v1/instance_sdk.go:5212.16,5214.3 1 0
github.com/scaleway/scaleway-sdk-go/api/instance/v1/instance_sdk.go:5215.2,5215.19 1 0
github.com/scaleway/scaleway-sdk-go/api/instance/v1/instance_sdk.go:5219.118,5222.20 2 4
github.com/scaleway/scaleway-sdk-go/api/instance/v1/instance_sdk.go:5222.20,5225.3 2 1
github.com/scaleway/scaleway-sdk-go/api/instance/v1/instance_sdk.go:5227.2,5228.60 2 4
github.com/scaleway/scaleway-sdk-go/api/instance/v1/instance_sdk.go:5228.60,5230.3 1 0
github.com/scaleway/scaleway-sdk-go/api/instance/v1/instance_sdk.go:5232.2,5233.60 2 4
github.com/scaleway/scaleway-sdk-go/api/instance/v1/instance_sdk.go:5233.60,5235.3 1 0
github.com/scaleway/scaleway-sdk-go/api/instance/v1/instance_sdk.go:5237.2,5237.20 1 4
github.com/scaleway/scaleway-sdk-go/api/instance/v1/instance_sdk.go:5237.20,5239.3 1 3
github.com/scaleway/scaleway-sdk-go/api/instance/v1/instance_sdk.go:5241.2,5241.32 1 4
github.com/scaleway/scaleway-sdk-go/api/instance/v1/instance_sdk.go:5241.32,5243.3 1 0
github.com/scaleway/scaleway-sdk-go/api/instance/v1/instance_sdk.go:5245.2,5251.16 3 4
github.com/scaleway/scaleway-sdk-go/api/instance/v1/instance_sdk.go:5251.16,5253.3 1 0
github.com/scaleway/scaleway-sdk-go/api/instance/v1/instance_sdk.go:5255.2,5258.16 3 4
github.com/scaleway/scaleway-sdk-go/api/instance/v1/instance_sdk.go:5258.16,5260.3 1 0
github.com/scaleway/scaleway-sdk-go/api/instance/v1/instance_sdk.go:5261.2,5261.19 1 4
github.com/scaleway/scaleway-sdk-go/api/instance/v1/instance_sdk.go:5265.109,5268.20 2 3
github.com/scaleway/scaleway-sdk-go/api/instance/v1/instance_sdk.go:5268.20,5271.3 2 2
github.com/scaleway/scaleway-sdk-go/api/instance/v1/instance_sdk.go:5273.2,5273.32 1 3
github.com/scaleway/scaleway-sdk-go/api/instance/v1/instance_sdk.go:5273.32,5275.3 1 0
github.com/scaleway/scaleway-sdk-go/api/instance/v1/instance_sdk.go:5277.2,5277.38 1 3
github.com/scaleway/scaleway-sdk-go/api/instance/v1/instance_sdk.go:5277.38,5279.3 1 0
github.com/scaleway/scaleway-sdk-go/api/instance/v1/instance_sdk.go:5281.2,5289.16 4 3
github.com/scaleway/scaleway-sdk-go/api/instance/v1/instance_sdk.go:5289.16,5291.3 1 0
github.com/scaleway/scaleway-sdk-go/api/instance/v1/instance_sdk.go:5292.2,5292.19 1 3
github.com/scaleway/scaleway-sdk-go/api/instance/v1/instance_sdk.go:5296.109,5299.20 2 0
github.com/scaleway/scaleway-sdk-go/api/instance/v1/instance_sdk.go:5299.20,5302.3 2 0
github.com/scaleway/scaleway-sdk-go/api/instance/v1/instance_sdk.go:5304.2,5304.28 1 0
github.com/scaleway/scaleway-sdk-go/api/instance/v1/instance_sdk.go:5304.28,5307.3 2 0
github.com/scaleway/scaleway-sdk-go/api/instance/v1/instance_sdk.go:5309.2,5309.23 1 0
github.com/scaleway/scaleway-sdk-go/api/instance/v1/instance_sdk.go:5309.23,5312.3 2 0
github.com/scaleway/scaleway-sdk-go/api/instance/v1/instance_sdk.go:5314.2,5314.32 1 0
github.com/scaleway/scaleway-sdk-go/api/instance/v1/instance_sdk.go:5314.32,5316.3 1 0
github.com/scaleway/scaleway-sdk-go/api/instance/v1/instance_sdk.go:5318.2,5318.38 1 0
github.com/scaleway/scaleway-sdk-go/api/instance/v1/instance_sdk.go:5318.38,5320.3 1 0
github.com/scaleway/scaleway-sdk-go/api/instance/v1/instance_sdk.go:5322.2,5328.16 3 0
github.com/scaleway/scaleway-sdk-go/api/instance/v1/instance_sdk.go:5328.16,5330.3 1 0
github.com/scaleway/scaleway-sdk-go/api/instance/v1/instance_sdk.go:5332.2,5335.16 3 0
github.com/scaleway/scaleway-sdk-go/api/instance/v1/instance_sdk.go:5335.16,5337.3 1 0
github.com/scaleway/scaleway-sdk-go/api/instance/v1/instance_sdk.go:5338.2,5338.19 1 0
github.com/scaleway/scaleway-sdk-go/api/instance/v1/instance_sdk.go:5342.118,5345.20 2 1
github.com/scaleway/scaleway-sdk-go/api/instance/v1/instance_sdk.go:5345.20,5348.3 2 0
github.com/scaleway/scaleway-sdk-go/api/instance/v1/instance_sdk.go:5350.2,5350.32 1 1
github.com/scaleway/scaleway-sdk-go/api/instance/v1/instance_sdk.go:5350.32,5352.3 1 0
github.com/scaleway/scaleway-sdk-go/api/instance/v1/instance_sdk.go:5354.2,5354.38 1 1
github.com/scaleway/scaleway-sdk-go/api/instance/v1/instance_sdk.go:5354.38,5356.3 1 0
github.com/scaleway/scaleway-sdk-go/api/instance/v1/instance_sdk.go:5358.2,5364.16 3 1
github.com/scaleway/scaleway-sdk-go/api/instance/v1/instance_sdk.go:5364.16,5366.3 1 0
github.com/scaleway/scaleway-sdk-go/api/instance/v1/instance_sdk.go:5368.2,5371.16 3 1
github.com/scaleway/scaleway-sdk-go/api/instance/v1/instance_sdk.go:5371.16,5373.3 1 0
github.com/scaleway/scaleway-sdk-go/api/instance/v1/instance_sdk.go:5374.2,5374.19 1 1
github.com/scaleway/scaleway-sdk-go/api/instance/v1/instance_sdk.go:5378.91,5381.20 2 7
github.com/scaleway/scaleway-sdk-go/api/instance/v1/instance_sdk.go:5381.20,5384.3 2 2
github.com/scaleway/scaleway-sdk-go/api/instance/v1/instance_sdk.go:5386.2,5386.32 1 7
github.com/scaleway/scaleway-sdk-go/api/instance/v1/instance_sdk.go:5386.32,5388.3 1 0
github.com/scaleway/scaleway-sdk-go/api/instance/v1/instance_sdk.go:5390.2,5390.38 1 7
github.com/scaleway/scaleway-sdk-go/api/instance/v1/instance_sdk.go:5390.38,5392.3 1 0
github.com/scaleway/scaleway-sdk-go/api/instance/v1/instance_sdk.go:5394.2,5400.16 3 7
github.com/scaleway/scaleway-sdk-go/api/instance/v1/instance_sdk.go:5400.16,5402.3 1 2
github.com/scaleway/scaleway-sdk-go/api/instance/v1/instance_sdk.go:5403.2,5403.12 1 5
github.com/scaleway/scaleway-sdk-go/api/instance/v1/instance_sdk.go:5407.118,5410.20 2 0
github.com/scaleway/scaleway-sdk-go/api/instance/v1/instance_sdk.go:5410.20,5413.3 2 0
github.com/scaleway/scaleway-sdk-go/api/instance/v1/instance_sdk.go:5415.2,5415.32 1 0
github.com/scaleway/scaleway-sdk-go/api/instance/v1/instance_sdk.go:5415.32,5417.3 1 0
github.com/scaleway/scaleway-sdk-go/api/instance/v1/instance_sdk.go:5419.2,5419.38 1 0
github.com/scaleway/scaleway-sdk-go/api/instance/v1/instance_sdk.go:5419.38,5421.3 1 0
github.com/scaleway/scaleway-sdk-go/api/instance/v1/instance_sdk.go:5423.2,5429.16 3 0
github.com/scaleway/scaleway-sdk-go/api/instance/v1/instance_sdk.go:5429.16,5431.3 1 0
github.com/scaleway/scaleway-sdk-go/api/instance/v1/instance_sdk.go:5433.2,5436.16 3 0
github.com/scaleway/scaleway-sdk-go/api/instance/v1/instance_sdk.go:5436.16,5438.3 1 0
github.com/scaleway/scaleway-sdk-go/api/instance/v1/instance_sdk.go:5439.2,5439.19 1 0
github.com/scaleway/scaleway-sdk-go/api/instance/v1/instance_sdk.go:5443.109,5446.20 2 0
github.com/scaleway/scaleway-sdk-go/api/instance/v1/instance_sdk.go:5446.20,5449.3 2 0
github.com/scaleway/scaleway-sdk-go/api/instance/v1/instance_sdk.go:5451.2,5457.24 7 0
github.com/scaleway/scaleway-sdk-go/api/instance/v1/instance_sdk.go:5457.24,5459.3 1 0
github.com/scaleway/scaleway-sdk-go/api/instance/v1/instance_sdk.go:5460.2,5462.32 2 0
github.com/scaleway/scaleway-sdk-go/api/instance/v1/instance_sdk.go:5462.32,5464.3 1 0
github.com/scaleway/scaleway-sdk-go/api/instance/v1/instance_sdk.go:5466.2,5475.16 4 0
github.com/scaleway/scaleway-sdk-go/api/instance/v1/instance_sdk.go:5475.16,5477.3 1 0
github.com/scaleway/scaleway-sdk-go/api/instance/v1/instance_sdk.go:5478.2,5478.19 1 0
github.com/scaleway/scaleway-sdk-go/api/instance/v1/instance_sdk.go:5482.112,5485.20 2 1
github.com/scaleway/scaleway-sdk-go/api/instance/v1/instance_sdk.go:5485.20,5488.3 2 0
github.com/scaleway/scaleway-sdk-go/api/instance/v1/instance_sdk.go:5490.2,5491.60 2 1
github.com/scaleway/scaleway-sdk-go/api/instance/v1/instance_sdk.go:5491.60,5493.3 1 0
github.com/scaleway/scaleway-sdk-go/api/instance/v1/instance_sdk.go:5495.2,5496.60 2 1
github.com/scaleway/scaleway-sdk-go/api/instance/v1/instance_sdk.go:5496.60,5498.3 1 0
github.com/scaleway/scaleway-sdk-go/api/instance/v1/instance_sdk.go:5500.2,5500.20 1 1
github.com/scaleway/scaleway-sdk-go/api/instance/v1/instance_sdk.go:5500.20,5502.3 1 0
github.com/scaleway/scaleway-sdk-go/api/instance/v1/instance_sdk.go:5504.2,5504.32 1 1
github.com/scaleway/scaleway-sdk-go/api/instance/v1/instance_sdk.go:5504.32,5506.3 1 0
github.com/scaleway/scaleway-sdk-go/api/instance/v1/instance_sdk.go:5508.2,5514.16 3 1
github.com/scaleway/scaleway-sdk-go/api/instance/v1/instance_sdk.go:5514.16,5516.3 1 0
github.com/scaleway/scaleway-sdk-go/api/instance/v1/instance_sdk.go:5518.2,5521.16 3 1
github.com/scaleway/scaleway-sdk-go/api/instance/v1/instance_sdk.go:5521.16,5523.3 1 0
github.com/scaleway/scaleway-sdk-go/api/instance/v1/instance_sdk.go:5524.2,5524.19 1 1
github.com/scaleway/scaleway-sdk-go/api/instance/v1/instance_sdk.go:5528.103,5531.20 2 5
github.com/scaleway/scaleway-sdk-go/api/instance/v1/instance_sdk.go:5531.20,5534.3 2 0
github.com/scaleway/scaleway-sdk-go/api/instance/v1/instance_sdk.go:5536.2,5536.32 1 5
github.com/scaleway/scaleway-sdk-go/api/instance/v1/instance_sdk.go:5536.32,5538.3 1 0
github.com/scaleway/scaleway-sdk-go/api/instance/v1/instance_sdk.go:5540.2,5540.36 1 5
github.com/scaleway/scaleway-sdk-go/api/instance/v1/instance_sdk.go:5540.36,5542.3 1 0
github.com/scaleway/scaleway-sdk-go/api/instance/v1/instance_sdk.go:5544.2,5552.16 4 5
github.com/scaleway/scaleway-sdk-go/api/instance/v1/instance_sdk.go:5552.16,5554.3 1 3
github.com/scaleway/scaleway-sdk-go/api/instance/v1/instance_sdk.go:5555.2,5555.19 1 2
github.com/scaleway/scaleway-sdk-go/api/instance/v1/instance_sdk.go:5559.112,5562.20 2 1
github.com/scaleway/scaleway-sdk-go/api/instance/v1/instance_sdk.go:5562.20,5565.3 2 0
github.com/scaleway/scaleway-sdk-go/api/instance/v1/instance_sdk.go:5567.2,5567.32 1 1
github.com/scaleway/scaleway-sdk-go/api/instance/v1/instance_sdk.go:5567.32,5569.3 1 0
github.com/scaleway/scaleway-sdk-go/api/instance/v1/instance_sdk.go:5571.2,5571.36 1 1
github.com/scaleway/scaleway-sdk-go/api/instance/v1/instance_sdk.go:5571.36,5573.3 1 0
github.com/scaleway/scaleway-sdk-go/api/instance/v1/instance_sdk.go:5575.2,5581.16 3 1
github.com/scaleway/scaleway-sdk-go/api/instance/v1/instance_sdk.go:5581.16,5583.3 1 0
github.com/scaleway/scaleway-sdk-go/api/instance/v1/instance_sdk.go:5585.2,5588.16 3 1
github.com/scaleway/scaleway-sdk-go/api/instance/v1/instance_sdk.go:5588.16,5590.3 1 0
github.com/scaleway/scaleway-sdk-go/api/instance/v1/instance_sdk.go:5591.2,5591.19 1 1
github.com/scaleway/scaleway-sdk-go/api/instance/v1/instance_sdk.go:5595.87,5598.20 2 12
github.com/scaleway/scaleway-sdk-go/api/instance/v1/instance_sdk.go:5598.20,5601.3 2 1
github.com/scaleway/scaleway-sdk-go/api/instance/v1/instance_sdk.go:5603.2,5603.32 1 12
github.com/scaleway/scaleway-sdk-go/api/instance/v1/instance_sdk.go:5603.32,5605.3 1 0
github.com/scaleway/scaleway-sdk-go/api/instance/v1/instance_sdk.go:5607.2,5607.36 1 12
github.com/scaleway/scaleway-sdk-go/api/instance/v1/instance_sdk.go:5607.36,5609.3 1 0
github.com/scaleway/scaleway-sdk-go/api/instance/v1/instance_sdk.go:5611.2,5617.16 3 12
github.com/scaleway/scaleway-sdk-go/api/instance/v1/instance_sdk.go:5617.16,5619.3 1 0
github.com/scaleway/scaleway-sdk-go/api/instance/v1/instance_sdk.go:5620.2,5620.12 1 12
github.com/scaleway/scaleway-sdk-go/api/instance/v1/instance_sdk.go:5624.130,5627.20 2 0
github.com/scaleway/scaleway-sdk-go/api/instance/v1/instance_sdk.go:5627.20,5630.3 2 0
github.com/scaleway/scaleway-sdk-go/api/instance/v1/instance_sdk.go:5632.2,5636.24 5 0
github.com/scaleway/scaleway-sdk-go/api/instance/v1/instance_sdk.go:5636.24,5638.3 1 0
github.com/scaleway/scaleway-sdk-go/api/instance/v1/instance_sdk.go:5639.2,5643.32 4 0
github.com/scaleway/scaleway-sdk-go/api/instance/v1/instance_sdk.go:5643.32,5645.3 1 0
github.com/scaleway/scaleway-sdk-go/api/instance/v1/instance_sdk.go:5647.2,5656.16 4 0
github.com/scaleway/scaleway-sdk-go/api/instance/v1/instance_sdk.go:5656.16,5658.3 1 0
github.com/scaleway/scaleway-sdk-go/api/instance/v1/instance_sdk.go:5659.2,5659.19 1 0
github.com/scaleway/scaleway-sdk-go/api/instance/v1/instance_sdk.go:5663.133,5666.20 2 5
github.com/scaleway/scaleway-sdk-go/api/instance/v1/instance_sdk.go:5666.20,5669.3 2 5
github.com/scaleway/scaleway-sdk-go/api/instance/v1/instance_sdk.go:5671.2,5672.60 2 5
github.com/scaleway/scaleway-sdk-go/api/instance/v1/instance_sdk.go:5672.60,5674.3 1 0
github.com/scaleway/scaleway-sdk-go/api/instance/v1/instance_sdk.go:5676.2,5677.60 2 5
github.com/scaleway/scaleway-sdk-go/api/instance/v1/instance_sdk.go:5677.60,5679.3 1 0
github.com/scaleway/scaleway-sdk-go/api/instance/v1/instance_sdk.go:5681.2,5681.20 1 5
github.com/scaleway/scaleway-sdk-go/api/instance/v1/instance_sdk.go:5681.20,5683.3 1 0
github.com/scaleway/scaleway-sdk-go/api/instance/v1/instance_sdk.go:5685.2,5685.32 1 5
github.com/scaleway/scaleway-sdk-go/api/instance/v1/instance_sdk.go:5685.32,5687.3 1 0
github.com/scaleway/scaleway-sdk-go/api/instance/v1/instance_sdk.go:5689.2,5695.16 3 5
github.com/scaleway/scaleway-sdk-go/api/instance/v1/instance_sdk.go:5695.16,5697.3 1 0
github.com/scaleway/scaleway-sdk-go/api/instance/v1/instance_sdk.go:5699.2,5702.16 3 5
github.com/scaleway/scaleway-sdk-go/api/instance/v1/instance_sdk.go:5702.16,5704.3 1 0
github.com/scaleway/scaleway-sdk-go/api/instance/v1/instance_sdk.go:5705.2,5705.19 1 5
github.com/scaleway/scaleway-sdk-go/api/instance/v1/instance_sdk.go:5709.124,5712.20 2 6
github.com/scaleway/scaleway-sdk-go/api/instance/v1/instance_sdk.go:5712.20,5715.3 2 0
github.com/scaleway/scaleway-sdk-go/api/instance/v1/instance_sdk.go:5717.2,5717.32 1 6
github.com/scaleway/scaleway-sdk-go/api/instance/v1/instance_sdk.go:5717.32,5719.3 1 0
github.com/scaleway/scaleway-sdk-go/api/instance/v1/instance_sdk.go:5721.2,5721.43 1 6
github.com/scaleway/scaleway-sdk-go/api/instance/v1/instance_sdk.go:5721.43,5723.3 1 0
github.com/scaleway/scaleway-sdk-go/api/instance/v1/instance_sdk.go:5725.2,5733.16 4 6
github.com/scaleway/scaleway-sdk-go/api/instance/v1/instance_sdk.go:5733.16,5735.3 1 0
github.com/scaleway/scaleway-sdk-go/api/instance/v1/instance_sdk.go:5736.2,5736.19 1 6
github.com/scaleway/scaleway-sdk-go/api/instance/v1/instance_sdk.go:5740.101,5743.20 2 5
github.com/scaleway/scaleway-sdk-go/api/instance/v1/instance_sdk.go:5743.20,5746.3 2 0
github.com/scaleway/scaleway-sdk-go/api/instance/v1/instance_sdk.go:5748.2,5748.32 1 5
github.com/scaleway/scaleway-sdk-go/api/instance/v1/instance_sdk.go:5748.32,5750.3 1 0
github.com/scaleway/scaleway-sdk-go/api/instance/v1/instance_sdk.go:5752.2,5752.43 1 5
github.com/scaleway/scaleway-sdk-go/api/instance/v1/instance_sdk.go:5752.43,5754.3 1 0
github.com/scaleway/scaleway-sdk-go/api/instance/v1/instance_sdk.go:5756.2,5762.16 3 5
github.com/scaleway/scaleway-sdk-go/api/instance/v1/instance_sdk.go:5762.16,5764.3 1 0
github.com/scaleway/scaleway-sdk-go/api/instance/v1/instance_sdk.go:5765.2,5765.12 1 5
github.com/scaleway/scaleway-sdk-go/api/instance/v1/instance_sdk.go:5769.124,5772.20 2 0
github.com/scaleway/scaleway-sdk-go/api/instance/v1/instance_sdk.go:5772.20,5775.3 2 0
github.com/scaleway/scaleway-sdk-go/api/instance/v1/instance_sdk.go:5777.2,5777.28 1 0
github.com/scaleway/scaleway-sdk-go/api/instance/v1/instance_sdk.go:5777.28,5780.3 2 0
github.com/scaleway/scaleway-sdk-go/api/instance/v1/instance_sdk.go:5782.2,5782.23 1 0
github.com/scaleway/scaleway-sdk-go/api/instance/v1/instance_sdk.go:5782.23,5785.3 2 0
github.com/scaleway/scaleway-sdk-go/api/instance/v1/instance_sdk.go:5787.2,5787.32 1 0
github.com/scaleway/scaleway-sdk-go/api/instance/v1/instance_sdk.go:5787.32,5789.3 1 0
github.com/scaleway/scaleway-sdk-go/api/instance/v1/instance_sdk.go:5791.2,5791.30 1 0
github.com/scaleway/scaleway-sdk-go/api/instance/v1/instance_sdk.go:5791.30,5793.3 1 0
github.com/scaleway/scaleway-sdk-go/api/instance/v1/instance_sdk.go:5795.2,5801.16 3 0
github.com/scaleway/scaleway-sdk-go/api/instance/v1/instance_sdk.go:5801.16,5803.3 1 0
github.com/scaleway/scaleway-sdk-go/api/instance/v1/instance_sdk.go:5805.2,5808.16 3 0
github.com/scaleway/scaleway-sdk-go/api/instance/v1/instance_sdk.go:5808.16,5810.3 1 0
github.com/scaleway/scaleway-sdk-go/api/instance/v1/instance_sdk.go:5811.2,5811.19 1 0
github.com/scaleway/scaleway-sdk-go/api/instance/v1/instance_sdk.go:5815.133,5818.20 2 1
github.com/scaleway/scaleway-sdk-go/api/instance/v1/instance_sdk.go:5818.20,5821.3 2 1
github.com/scaleway/scaleway-sdk-go/api/instance/v1/instance_sdk.go:5823.2,5823.32 1 1
github.com/scaleway/scaleway-sdk-go/api/instance/v1/instance_sdk.go:5823.32,5825.3 1 0
github.com/scaleway/scaleway-sdk-go/api/instance/v1/instance_sdk.go:5827.2,5827.43 1 1
github.com/scaleway/scaleway-sdk-go/api/instance/v1/instance_sdk.go:5827.43,5829.3 1 0
github.com/scaleway/scaleway-sdk-go/api/instance/v1/instance_sdk.go:5831.2,5837.16 3 1
github.com/scaleway/scaleway-sdk-go/api/instance/v1/instance_sdk.go:5837.16,5839.3 1 0
github.com/scaleway/scaleway-sdk-go/api/instance/v1/instance_sdk.go:5841.2,5844.16 3 1
github.com/scaleway/scaleway-sdk-go/api/instance/v1/instance_sdk.go:5844.16,5846.3 1 0
github.com/scaleway/scaleway-sdk-go/api/instance/v1/instance_sdk.go:5847.2,5847.19 1 1
github.com/scaleway/scaleway-sdk-go/api/instance/v1/instance_sdk.go:5851.156,5854.20 2 0
github.com/scaleway/scaleway-sdk-go/api/instance/v1/instance_sdk.go:5854.20,5857.3 2 0
github.com/scaleway/scaleway-sdk-go/api/instance/v1/instance_sdk.go:5859.2,5859.32 1 0
github.com/scaleway/scaleway-sdk-go/api/instance/v1/instance_sdk.go:5859.32,5861.3 1 0
github.com/scaleway/scaleway-sdk-go/api/instance/v1/instance_sdk.go:5863.2,5871.16 4 0
github.com/scaleway/scaleway-sdk-go/api/instance/v1/instance_sdk.go:5871.16,5873.3 1 0
github.com/scaleway/scaleway-sdk-go/api/instance/v1/instance_sdk.go:5874.2,5874.19 1 0
github.com/scaleway/scaleway-sdk-go/api/instance/v1/instance_sdk.go:5878.142,5881.20 2 0
github.com/scaleway/scaleway-sdk-go/api/instance/v1/instance_sdk.go:5881.20,5884.3 2 0
github.com/scaleway/scaleway-sdk-go/api/instance/v1/instance_sdk.go:5886.2,5890.32 4 0
github.com/scaleway/scaleway-sdk-go/api/instance/v1/instance_sdk.go:5890.32,5892.3 1 0
github.com/scaleway/scaleway-sdk-go/api/instance/v1/instance_sdk.go:5894.2,5894.43 1 0
github.com/scaleway/scaleway-sdk-go/api/instance/v1/instance_sdk.go:5894.43,5896.3 1 0
github.com/scaleway/scaleway-sdk-go/api/instance/v1/instance_sdk.go:5898.2,5907.16 4 0
github.com/scaleway/scaleway-sdk-go/api/instance/v1/instance_sdk.go:5907.16,5909.3 1 0
github.com/scaleway/scaleway-sdk-go/api/instance/v1/instance_sdk.go:5910.2,5910.19 1 0
github.com/scaleway/scaleway-sdk-go/api/instance/v1/instance_sdk.go:5914.145,5917.20 2 4
github.com/scaleway/scaleway-sdk-go/api/instance/v1/instance_sdk.go:5917.20,5920.3 2 4
github.com/scaleway/scaleway-sdk-go/api/instance/v1/instance_sdk.go:5922.2,5922.32 1 4
github.com/scaleway/scaleway-sdk-go/api/instance/v1/instance_sdk.go:5922.32,5924.3 1 0
github.com/scaleway/scaleway-sdk-go/api/instance/v1/instance_sdk.go:5926.2,5926.43 1 4
github.com/scaleway/scaleway-sdk-go/api/instance/v1/instance_sdk.go:5926.43,5928.3 1 0
github.com/scaleway/scaleway-sdk-go/api/instance/v1/instance_sdk.go:5930.2,5936.16 3 4
github.com/scaleway/scaleway-sdk-go/api/instance/v1/instance_sdk.go:5936.16,5938.3 1 0
github.com/scaleway/scaleway-sdk-go/api/instance/v1/instance_sdk.go:5940.2,5943.16 3 4
github.com/scaleway/scaleway-sdk-go/api/instance/v1/instance_sdk.go:5943.16,5945.3 1 0
github.com/scaleway/scaleway-sdk-go/api/instance/v1/instance_sdk.go:5946.2,5946.19 1 4
github.com/scaleway/scaleway-sdk-go/api/instance/v1/instance_sdk.go:5950.139,5953.20 2 0
github.com/scaleway/scaleway-sdk-go/api/instance/v1/instance_sdk.go:5953.20,5956.3 2 0
github.com/scaleway/scaleway-sdk-go/api/instance/v1/instance_sdk.go:5958.2,5958.32 1 0
github.com/scaleway/scaleway-sdk-go/api/instance/v1/instance_sdk.go:5958.32,5960.3 1 0
github.com/scaleway/scaleway-sdk-go/api/instance/v1/instance_sdk.go:5962.2,5962.43 1 0
github.com/scaleway/scaleway-sdk-go/api/instance/v1/instance_sdk.go:5962.43,5964.3 1 0
github.com/scaleway/scaleway-sdk-go/api/instance/v1/instance_sdk.go:5966.2,5972.16 3 0
github.com/scaleway/scaleway-sdk-go/api/instance/v1/instance_sdk.go:5972.16,5974.3 1 0
github.com/scaleway/scaleway-sdk-go/api/instance/v1/instance_sdk.go:5976.2,5979.16 3 0
github.com/scaleway/scaleway-sdk-go/api/instance/v1/instance_sdk.go:5979.16,5981.3 1 0
github.com/scaleway/scaleway-sdk-go/api/instance/v1/instance_sdk.go:5982.2,5982.19 1 0
github.com/scaleway/scaleway-sdk-go/api/instance/v1/instance_sdk.go:5986.109,5989.20 2 0
github.com/scaleway/scaleway-sdk-go/api/instance/v1/instance_sdk.go:5989.20,5992.3 2 0
github.com/scaleway/scaleway-sdk-go/api/instance/v1/instance_sdk.go:5994.2,5994.32 1 0
github.com/scaleway/scaleway-sdk-go/api/instance/v1/instance_sdk.go:5994.32,5996.3 1 0
github.com/scaleway/scaleway-sdk-go/api/instance/v1/instance_sdk.go:5998.2,5998.43 1 0
github.com/scaleway/scaleway-sdk-go/api/instance/v1/instance_sdk.go:5998.43,6000.3 1 0
github.com/scaleway/scaleway-sdk-go/api/instance/v1/instance_sdk.go:6002.2,6002.47 1 0
github.com/scaleway/scaleway-sdk-go/api/instance/v1/instance_sdk.go:6002.47,6004.3 1 0
github.com/scaleway/scaleway-sdk-go/api/instance/v1/instance_sdk.go:6006.2,6012.16 3 0
github.com/scaleway/scaleway-sdk-go/api/instance/v1/instance_sdk.go:6012.16,6014.3 1 0
github.com/scaleway/scaleway-sdk-go/api/instance/v1/instance_sdk.go:6015.2,6015.12 1 0
github.com/scaleway/scaleway-sdk-go/api/instance/v1/instance_sdk.go:6019.136,6022.20 2 0
github.com/scaleway/scaleway-sdk-go/api/instance/v1/instance_sdk.go:6022.20,6025.3 2 0
github.com/scaleway/scaleway-sdk-go/api/instance/v1/instance_sdk.go:6027.2,6027.32 1 0
github.com/scaleway/scaleway-sdk-go/api/instance/v1/instance_sdk.go:6027.32,6029.3 1 0
github.com/scaleway/scaleway-sdk-go/api/instance/v1/instance_sdk.go:6031.2,6031.43 1 0
github.com/scaleway/scaleway-sdk-go/api/instance/v1/instance_sdk.go:6031.43,6033.3 1 0
github.com/scaleway/scaleway-sdk-go/api/instance/v1/instance_sdk.go:6035.2,6035.47 1 0
github.com/scaleway/scaleway-sdk-go/api/instance/v1/instance_sdk.go:6035.47,6037.3 1 0
github.com/scaleway/scaleway-sdk-go/api/instance/v1/instance_sdk.go:6039.2,6047.16 4 0
github.com/scaleway/scaleway-sdk-go/api/instance/v1/instance_sdk.go:6047.16,6049.3 1 0
github.com/scaleway/scaleway-sdk-go/api/instance/v1/instance_sdk.go:6050.2,6050.19 1 0
github.com/scaleway/scaleway-sdk-go/api/instance/v1/instance_sdk.go:6054.136,6057.20 2 0
github.com/scaleway/scaleway-sdk-go/api/instance/v1/instance_sdk.go:6057.20,6060.3 2 0
github.com/scaleway/scaleway-sdk-go/api/instance/v1/instance_sdk.go:6062.2,6062.32 1 0
github.com/scaleway/scaleway-sdk-go/api/instance/v1/instance_sdk.go:6062.32,6064.3 1 0
github.com/scaleway/scaleway-sdk-go/api/instance/v1/instance_sdk.go:6066.2,6066.43 1 0
github.com/scaleway/scaleway-sdk-go/api/instance/v1/instance_sdk.go:6066.43,6068.3 1 0
github.com/scaleway/scaleway-sdk-go/api/instance/v1/instance_sdk.go:6070.2,6070.47 1 0
github.com/scaleway/scaleway-sdk-go/api/instance/v1/instance_sdk.go:6070.47,6072.3 1 0
github.com/scaleway/scaleway-sdk-go/api/instance/v1/instance_sdk.go:6074.2,6080.16 3 0
github.com/scaleway/scaleway-sdk-go/api/instance/v1/instance_sdk.go:6080.16,6082.3 1 0
github.com/scaleway/scaleway-sdk-go/api/instance/v1/instance_sdk.go:6084.2,6087.16 3 0
github.com/scaleway/scaleway-sdk-go/api/instance/v1/instance_sdk.go:6087.16,6089.3 1 0
github.com/scaleway/scaleway-sdk-go/api/instance/v1/instance_sdk.go:6090.2,6090.19 1 0
github.com/scaleway/scaleway-sdk-go/api/instance/v1/instance_sdk.go:6094.145,6097.20 2 4
github.com/scaleway/scaleway-sdk-go/api/instance/v1/instance_sdk.go:6097.20,6100.3 2 4
github.com/scaleway/scaleway-sdk-go/api/instance/v1/instance_sdk.go:6102.2,6102.32 1 4
github.com/scaleway/scaleway-sdk-go/api/instance/v1/instance_sdk.go:6102.32,6104.3 1 0
github.com/scaleway/scaleway-sdk-go/api/instance/v1/instance_sdk.go:6106.2,6106.43 1 4
github.com/scaleway/scaleway-sdk-go/api/instance/v1/instance_sdk.go:6106.43,6108.3 1 0
github.com/scaleway/scaleway-sdk-go/api/instance/v1/instance_sdk.go:6110.2,6110.47 1 4
github.com/scaleway/scaleway-sdk-go/api/instance/v1/instance_sdk.go:6110.47,6112.3 1 0
github.com/scaleway/scaleway-sdk-go/api/instance/v1/instance_sdk.go:6114.2,6120.16 3 4
github.com/scaleway/scaleway-sdk-go/api/instance/v1/instance_sdk.go:6120.16,6122.3 1 0
github.com/scaleway/scaleway-sdk-go/api/instance/v1/instance_sdk.go:6124.2,6127.16 3 4
github.com/scaleway/scaleway-sdk-go/api/instance/v1/instance_sdk.go:6127.16,6129.3 1 0
github.com/scaleway/scaleway-sdk-go/api/instance/v1/instance_sdk.go:6130.2,6130.19 1 4
github.com/scaleway/scaleway-sdk-go/api/instance/v1/instance_sdk.go:6134.133,6137.20 2 0
github.com/scaleway/scaleway-sdk-go/api/instance/v1/instance_sdk.go:6137.20,6140.3 2 0
github.com/scaleway/scaleway-sdk-go/api/instance/v1/instance_sdk.go:6142.2,6147.24 6 0
github.com/scaleway/scaleway-sdk-go/api/instance/v1/instance_sdk.go:6147.24,6149.3 1 0
github.com/scaleway/scaleway-sdk-go/api/instance/v1/instance_sdk.go:6150.2,6152.32 2 0
github.com/scaleway/scaleway-sdk-go/api/instance/v1/instance_sdk.go:6152.32,6154.3 1 0
github.com/scaleway/scaleway-sdk-go/api/instance/v1/instance_sdk.go:6156.2,6165.16 4 0
github.com/scaleway/scaleway-sdk-go/api/instance/v1/instance_sdk.go:6165.16,6167.3 1 0
github.com/scaleway/scaleway-sdk-go/api/instance/v1/instance_sdk.go:6168.2,6168.19 1 0
github.com/scaleway/scaleway-sdk-go/api/instance/v1/instance_sdk.go:6172.136,6175.20 2 0
github.com/scaleway/scaleway-sdk-go/api/instance/v1/instance_sdk.go:6175.20,6178.3 2 0
github.com/scaleway/scaleway-sdk-go/api/instance/v1/instance_sdk.go:6180.2,6181.60 2 0
github.com/scaleway/scaleway-sdk-go/api/instance/v1/instance_sdk.go:6181.60,6183.3 1 0
github.com/scaleway/scaleway-sdk-go/api/instance/v1/instance_sdk.go:6185.2,6186.60 2 0
github.com/scaleway/scaleway-sdk-go/api/instance/v1/instance_sdk.go:6186.60,6188.3 1 0
github.com/scaleway/scaleway-sdk-go/api/instance/v1/instance_sdk.go:6190.2,6190.20 1 0
github.com/scaleway/scaleway-sdk-go/api/instance/v1/instance_sdk.go:6190.20,6192.3 1 0
github.com/scaleway/scaleway-sdk-go/api/instance/v1/instance_sdk.go:6194.2,6194.32 1 0
github.com/scaleway/scaleway-sdk-go/api/instance/v1/instance_sdk.go:6194.32,6196.3 1 0
github.com/scaleway/scaleway-sdk-go/api/instance/v1/instance_sdk.go:6198.2,6204.16 3 0
github.com/scaleway/scaleway-sdk-go/api/instance/v1/instance_sdk.go:6204.16,6206.3 1 0
github.com/scaleway/scaleway-sdk-go/api/instance/v1/instance_sdk.go:6208.2,6211.16 3 0
github.com/scaleway/scaleway-sdk-go/api/instance/v1/instance_sdk.go:6211.16,6213.3 1 0
github.com/scaleway/scaleway-sdk-go/api/instance/v1/instance_sdk.go:6214.2,6214.19 1 0
github.com/scaleway/scaleway-sdk-go/api/instance/v1/instance_sdk.go:6218.127,6221.20 2 0
github.com/scaleway/scaleway-sdk-go/api/instance/v1/instance_sdk.go:6221.20,6224.3 2 0
github.com/scaleway/scaleway-sdk-go/api/instance/v1/instance_sdk.go:6226.2,6226.32 1 0
github.com/scaleway/scaleway-sdk-go/api/instance/v1/instance_sdk.go:6226.32,6228.3 1 0
github.com/scaleway/scaleway-sdk-go/api/instance/v1/instance_sdk.go:6230.2,6230.44 1 0
github.com/scaleway/scaleway-sdk-go/api/instance/v1/instance_sdk.go:6230.44,6232.3 1 0
github.com/scaleway/scaleway-sdk-go/api/instance/v1/instance_sdk.go:6234.2,6242.16 4 0
github.com/scaleway/scaleway-sdk-go/api/instance/v1/instance_sdk.go:6242.16,6244.3 1 0
github.com/scaleway/scaleway-sdk-go/api/instance/v1/instance_sdk.go:6245.2,6245.19 1 0
github.com/scaleway/scaleway-sdk-go/api/instance/v1/instance_sdk.go:6249.127,6252.20 2 0
github.com/scaleway/scaleway-sdk-go/api/instance/v1/instance_sdk.go:6252.20,6255.3 2 0
github.com/scaleway/scaleway-sdk-go/api/instance/v1/instance_sdk.go:6257.2,6257.28 1 0
github.com/scaleway/scaleway-sdk-go/api/instance/v1/instance_sdk.go:6257.28,6260.3 2 0
github.com/scaleway/scaleway-sdk-go/api/instance/v1/instance_sdk.go:6262.2,6262.23 1 0
github.com/scaleway/scaleway-sdk-go/api/instance/v1/instance_sdk.go:6262.23,6265.3 2 0
github.com/scaleway/scaleway-sdk-go/api/instance/v1/instance_sdk.go:6267.2,6267.32 1 0
github.com/scaleway/scaleway-sdk-go/api/instance/v1/instance_sdk.go:6267.32,6269.3 1 0
github.com/scaleway/scaleway-sdk-go/api/instance/v1/instance_sdk.go:6271.2,6271.44 1 0
github.com/scaleway/scaleway-sdk-go/api/instance/v1/instance_sdk.go:6271.44,6273.3 1 0
github.com/scaleway/scaleway-sdk-go/api/instance/v1/instance_sdk.go:6275.2,6281.16 3 0
github.com/scaleway/scaleway-sdk-go/api/instance/v1/instance_sdk.go:6281.16,6283.3 1 0
github.com/scaleway/scaleway-sdk-go/api/instance/v1/instance_sdk.go:6285.2,6288.16 3 0
github.com/scaleway/scaleway-sdk-go/api/instance/v1/instance_sdk.go:6288.16,6290.3 1 0
github.com/scaleway/scaleway-sdk-go/api/instance/v1/instance_sdk.go:6291.2,6291.19 1 0
github.com/scaleway/scaleway-sdk-go/api/instance/v1/instance_sdk.go:6295.136,6298.20 2 0
github.com/scaleway/scaleway-sdk-go/api/instance/v1/instance_sdk.go:6298.20,6301.3 2 0
github.com/scaleway/scaleway-sdk-go/api/instance/v1/instance_sdk.go:6303.2,6303.32 1 0
github.com/scaleway/scaleway-sdk-go/api/instance/v1/instance_sdk.go:6303.32,6305.3 1 0
github.com/scaleway/scaleway-sdk-go/api/instance/v1/instance_sdk.go:6307.2,6307.44 1 0
github.com/scaleway/scaleway-sdk-go/api/instance/v1/instance_sdk.go:6307.44,6309.3 1 0
github.com/scaleway/scaleway-sdk-go/api/instance/v1/instance_sdk.go:6311.2,6317.16 3 0
github.com/scaleway/scaleway-sdk-go/api/instance/v1/instance_sdk.go:6317.16,6319.3 1 0
github.com/scaleway/scaleway-sdk-go/api/instance/v1/instance_sdk.go:6321.2,6324.16 3 0
github.com/scaleway/scaleway-sdk-go/api/instance/v1/instance_sdk.go:6324.16,6326.3 1 0
github.com/scaleway/scaleway-sdk-go/api/instance/v1/instance_sdk.go:6327.2,6327.19 1 0
github.com/scaleway/scaleway-sdk-go/api/instance/v1/instance_sdk.go:6331.103,6334.20 2 0
github.com/scaleway/scaleway-sdk-go/api/instance/v1/instance_sdk.go:6334.20,6337.3 2 0
github.com/scaleway/scaleway-sdk-go/api/instance/v1/instance_sdk.go:6339.2,6339.32 1 0
github.com/scaleway/scaleway-sdk-go/api/instance/v1/instance_sdk.go:6339.32,6341.3 1 0
github.com/scaleway/scaleway-sdk-go/api/instance/v1/instance_sdk.go:6343.2,6343.44 1 0
github.com/scaleway/scaleway-sdk-go/api/instance/v1/instance_sdk.go:6343.44,6345.3 1 0
github.com/scaleway/scaleway-sdk-go/api/instance/v1/instance_sdk.go:6347.2,6353.16 3 0
github.com/scaleway/scaleway-sdk-go/api/instance/v1/instance_sdk.go:6353.16,6355.3 1 0
github.com/scaleway/scaleway-sdk-go/api/instance/v1/instance_sdk.go:6356.2,6356.12 1 0
github.com/scaleway/scaleway-sdk-go/api/instance/v1/instance_sdk.go:6360.148,6363.20 2 0
github.com/scaleway/scaleway-sdk-go/api/instance/v1/instance_sdk.go:6363.20,6366.3 2 0
github.com/scaleway/scaleway-sdk-go/api/instance/v1/instance_sdk.go:6368.2,6368.32 1 0
github.com/scaleway/scaleway-sdk-go/api/instance/v1/instance_sdk.go:6368.32,6370.3 1 0
github.com/scaleway/scaleway-sdk-go/api/instance/v1/instance_sdk.go:6372.2,6372.44 1 0
github.com/scaleway/scaleway-sdk-go/api/instance/v1/instance_sdk.go:6372.44,6374.3 1 0
github.com/scaleway/scaleway-sdk-go/api/instance/v1/instance_sdk.go:6376.2,6384.16 4 0
github.com/scaleway/scaleway-sdk-go/api/instance/v1/instance_sdk.go:6384.16,6386.3 1 0
github.com/scaleway/scaleway-sdk-go/api/instance/v1/instance_sdk.go:6387.2,6387.19 1 0
github.com/scaleway/scaleway-sdk-go/api/instance/v1/instance_sdk.go:6391.148,6394.20 2 0
github.com/scaleway/scaleway-sdk-go/api/instance/v1/instance_sdk.go:6394.20,6397.3 2 0
github.com/scaleway/scaleway-sdk-go/api/instance/v1/instance_sdk.go:6399.2,6399.32 1 0
github.com/scaleway/scaleway-sdk-go/api/instance/v1/instance_sdk.go:6399.32,6401.3 1 0
github.com/scaleway/scaleway-sdk-go/api/instance/v1/instance_sdk.go:6403.2,6403.44 1 0
github.com/scaleway/scaleway-sdk-go/api/instance/v1/instance_sdk.go:6403.44,6405.3 1 0
github.com/scaleway/scaleway-sdk-go/api/instance/v1/instance_sdk.go:6407.2,6413.16 3 0
github.com/scaleway/scaleway-sdk-go/api/instance/v1/instance_sdk.go:6413.16,6415.3 1 0
github.com/scaleway/scaleway-sdk-go/api/instance/v1/instance_sdk.go:6417.2,6420.16 3 0
github.com/scaleway/scaleway-sdk-go/api/instance/v1/instance_sdk.go:6420.16,6422.3 1 0
github.com/scaleway/scaleway-sdk-go/api/instance/v1/instance_sdk.go:6423.2,6423.19 1 0
github.com/scaleway/scaleway-sdk-go/api/instance/v1/instance_sdk.go:6427.157,6430.20 2 0
github.com/scaleway/scaleway-sdk-go/api/instance/v1/instance_sdk.go:6430.20,6433.3 2 0
github.com/scaleway/scaleway-sdk-go/api/instance/v1/instance_sdk.go:6435.2,6435.32 1 0
github.com/scaleway/scaleway-sdk-go/api/instance/v1/instance_sdk.go:6435.32,6437.3 1 0
github.com/scaleway/scaleway-sdk-go/api/instance/v1/instance_sdk.go:6439.2,6439.44 1 0
github.com/scaleway/scaleway-sdk-go/api/instance/v1/instance_sdk.go:6439.44,6441.3 1 0
github.com/scaleway/scaleway-sdk-go/api/instance/v1/instance_sdk.go:6443.2,6449.16 3 0
github.com/scaleway/scaleway-sdk-go/api/instance/v1/instance_sdk.go:6449.16,6451.3 1 0
github.com/scaleway/scaleway-sdk-go/api/instance/v1/instance_sdk.go:6453.2,6456.16 3 0
github.com/scaleway/scaleway-sdk-go/api/instance/v1/instance_sdk.go:6456.16,6458.3 1 0
github.com/scaleway/scaleway-sdk-go/api/instance/v1/instance_sdk.go:6459.2,6459.19 1 0
github.com/scaleway/scaleway-sdk-go/api/instance/v1/instance_sdk.go:6463.97,6466.20 2 0
github.com/scaleway/scaleway-sdk-go/api/instance/v1/instance_sdk.go:6466.20,6469.3 2 0
github.com/scaleway/scaleway-sdk-go/api/instance/v1/instance_sdk.go:6471.2,6474.24 4 0
github.com/scaleway/scaleway-sdk-go/api/instance/v1/instance_sdk.go:6474.24,6476.3 1 0
github.com/scaleway/scaleway-sdk-go/api/instance/v1/instance_sdk.go:6477.2,6482.32 5 0
github.com/scaleway/scaleway-sdk-go/api/instance/v1/instance_sdk.go:6482.32,6484.3 1 0
github.com/scaleway/scaleway-sdk-go/api/instance/v1/instance_sdk.go:6486.2,6495.16 4 0
github.com/scaleway/scaleway-sdk-go/api/instance/v1/instance_sdk.go:6495.16,6497.3 1 0
github.com/scaleway/scaleway-sdk-go/api/instance/v1/instance_sdk.go:6498.2,6498.19 1 0
github.com/scaleway/scaleway-sdk-go/api/instance/v1/instance_sdk.go:6502.100,6505.20 2 1
github.com/scaleway/scaleway-sdk-go/api/instance/v1/instance_sdk.go:6505.20,6508.3 2 0
github.com/scaleway/scaleway-sdk-go/api/instance/v1/instance_sdk.go:6510.2,6511.60 2 1
github.com/scaleway/scaleway-sdk-go/api/instance/v1/instance_sdk.go:6511.60,6513.3 1 0
github.com/scaleway/scaleway-sdk-go/api/instance/v1/instance_sdk.go:6515.2,6516.60 2 1
github.com/scaleway/scaleway-sdk-go/api/instance/v1/instance_sdk.go:6516.60,6518.3 1 0
github.com/scaleway/scaleway-sdk-go/api/instance/v1/instance_sdk.go:6520.2,6520.32 1 1
github.com/scaleway/scaleway-sdk-go/api/instance/v1/instance_sdk.go:6520.32,6522.3 1 0
github.com/scaleway/scaleway-sdk-go/api/instance/v1/instance_sdk.go:6524.2,6530.16 3 1
github.com/scaleway/scaleway-sdk-go/api/instance/v1/instance_sdk.go:6530.16,6532.3 1 0
github.com/scaleway/scaleway-sdk-go/api/instance/v1/instance_sdk.go:6534.2,6537.16 3 1
github.com/scaleway/scaleway-sdk-go/api/instance/v1/instance_sdk.go:6537.16,6539.3 1 0
github.com/scaleway/scaleway-sdk-go/api/instance/v1/instance_sdk.go:6540.2,6540.19 1 1
github.com/scaleway/scaleway-sdk-go/api/instance/v1/instance_sdk.go:6544.91,6547.20 2 0
github.com/scaleway/scaleway-sdk-go/api/instance/v1/instance_sdk.go:6547.20,6550.3 2 0
github.com/scaleway/scaleway-sdk-go/api/instance/v1/instance_sdk.go:6552.2,6552.32 1 0
github.com/scaleway/scaleway-sdk-go/api/instance/v1/instance_sdk.go:6552.32,6554.3 1 0
github.com/scaleway/scaleway-sdk-go/api/instance/v1/instance_sdk.go:6556.2,6556.30 1 0
github.com/scaleway/scaleway-sdk-go/api/instance/v1/instance_sdk.go:6556.30,6558.3 1 0
github.com/scaleway/scaleway-sdk-go/api/instance/v1/instance_sdk.go:6560.2,6568.16 4 0
github.com/scaleway/scaleway-sdk-go/api/instance/v1/instance_sdk.go:6568.16,6570.3 1 0
github.com/scaleway/scaleway-sdk-go/api/instance/v1/instance_sdk.go:6571.2,6571.19 1 0
github.com/scaleway/scaleway-sdk-go/api/instance/v1/instance_sdk.go:6575.100,6578.20 2 2
github.com/scaleway/scaleway-sdk-go/api/instance/v1/instance_sdk.go:6578.20,6581.3 2 0
github.com/scaleway/scaleway-sdk-go/api/instance/v1/instance_sdk.go:6583.2,6583.32 1 2
github.com/scaleway/scaleway-sdk-go/api/instance/v1/instance_sdk.go:6583.32,6585.3 1 0
github.com/scaleway/scaleway-sdk-go/api/instance/v1/instance_sdk.go:6587.2,6587.30 1 2
github.com/scaleway/scaleway-sdk-go/api/instance/v1/instance_sdk.go:6587.30,6589.3 1 0
github.com/scaleway/scaleway-sdk-go/api/instance/v1/instance_sdk.go:6591.2,6597.16 3 2
github.com/scaleway/scaleway-sdk-go/api/instance/v1/instance_sdk.go:6597.16,6599.3 1 0
github.com/scaleway/scaleway-sdk-go/api/instance/v1/instance_sdk.go:6601.2,6604.16 3 2
github.com/scaleway/scaleway-sdk-go/api/instance/v1/instance_sdk.go:6604.16,6606.3 1 0
github.com/scaleway/scaleway-sdk-go/api/instance/v1/instance_sdk.go:6607.2,6607.19 1 2
github.com/scaleway/scaleway-sdk-go/api/instance/v1/instance_sdk.go:6611.79,6614.20 2 1
github.com/scaleway/scaleway-sdk-go/api/instance/v1/instance_sdk.go:6614.20,6617.3 2 0
github.com/scaleway/scaleway-sdk-go/api/instance/v1/instance_sdk.go:6619.2,6619.32 1 1
github.com/scaleway/scaleway-sdk-go/api/instance/v1/instance_sdk.go:6619.32,6621.3 1 0
github.com/scaleway/scaleway-sdk-go/api/instance/v1/instance_sdk.go:6623.2,6623.30 1 1
github.com/scaleway/scaleway-sdk-go/api/instance/v1/instance_sdk.go:6623.30,6625.3 1 0
github.com/scaleway/scaleway-sdk-go/api/instance/v1/instance_sdk.go:6627.2,6633.16 3 1
github.com/scaleway/scaleway-sdk-go/api/instance/v1/instance_sdk.go:6633.16,6635.3 1 0
github.com/scaleway/scaleway-sdk-go/api/instance/v1/instance_sdk.go:6636.2,6636.12 1 1
github.com/scaleway/scaleway-sdk-go/api/instance/v1/instance_sdk.go:6640.121,6643.20 2 0
github.com/scaleway/scaleway-sdk-go/api/instance/v1/instance_sdk.go:6643.20,6646.3 2 0
github.com/scaleway/scaleway-sdk-go/api/instance/v1/instance_sdk.go:6648.2,6649.24 2 0
github.com/scaleway/scaleway-sdk-go/api/instance/v1/instance_sdk.go:6649.24,6651.3 1 0
github.com/scaleway/scaleway-sdk-go/api/instance/v1/instance_sdk.go:6652.2,6655.32 3 0
github.com/scaleway/scaleway-sdk-go/api/instance/v1/instance_sdk.go:6655.32,6657.3 1 0
github.com/scaleway/scaleway-sdk-go/api/instance/v1/instance_sdk.go:6659.2,6659.36 1 0
github.com/scaleway/scaleway-sdk-go/api/instance/v1/instance_sdk.go:6659.36,6661.3 1 0
github.com/scaleway/scaleway-sdk-go/api/instance/v1/instance_sdk.go:6663.2,6672.16 4 0
github.com/scaleway/scaleway-sdk-go/api/instance/v1/instance_sdk.go:6672.16,6674.3 1 0
github.com/scaleway/scaleway-sdk-go/api/instance/v1/instance_sdk.go:6675.2,6675.19 1 0
github.com/scaleway/scaleway-sdk-go/api/instance/v1/instance_sdk.go:6679.124,6682.20 2 0
github.com/scaleway/scaleway-sdk-go/api/instance/v1/instance_sdk.go:6682.20,6685.3 2 0
github.com/scaleway/scaleway-sdk-go/api/instance/v1/instance_sdk.go:6687.2,6687.32 1 0
github.com/scaleway/scaleway-sdk-go/api/instance/v1/instance_sdk.go:6687.32,6689.3 1 0
github.com/scaleway/scaleway-sdk-go/api/instance/v1/instance_sdk.go:6691.2,6691.36 1 0
github.com/scaleway/scaleway-sdk-go/api/instance/v1/instance_sdk.go:6691.36,6693.3 1 0
github.com/scaleway/scaleway-sdk-go/api/instance/v1/instance_sdk.go:6695.2,6701.16 3 0
github.com/scaleway/scaleway-sdk-go/api/instance/v1/instance_sdk.go:6701.16,6703.3 1 0
github.com/scaleway/scaleway-sdk-go/api/instance/v1/instance_sdk.go:6705.2,6708.16 3 0
github.com/scaleway/scaleway-sdk-go/api/instance/v1/instance_sdk.go:6708.16,6710.3 1 0
github.com/scaleway/scaleway-sdk-go/api/instance/v1/instance_sdk.go:6711.2,6711.19 1 0
github.com/scaleway/scaleway-sdk-go/api/instance/v1/instance_sdk.go:6715.115,6718.20 2 0
github.com/scaleway/scaleway-sdk-go/api/instance/v1/instance_sdk.go:6718.20,6721.3 2 0
github.com/scaleway/scaleway-sdk-go/api/instance/v1/instance_sdk.go:6723.2,6723.32 1 0
github.com/scaleway/scaleway-sdk-go/api/instance/v1/instance_sdk.go:6723.32,6725.3 1 0
github.com/scaleway/scaleway-sdk-go/api/instance/v1/instance_sdk.go:6727.2,6727.36 1 0
github.com/scaleway/scaleway-sdk-go/api/instance/v1/instance_sdk.go:6727.36,6729.3 1 0
github.com/scaleway/scaleway-sdk-go/api/instance/v1/instance_sdk.go:6731.2,6731.40 1 0
github.com/scaleway/scaleway-sdk-go/api/instance/v1/instance_sdk.go:6731.40,6733.3 1 0
github.com/scaleway/scaleway-sdk-go/api/instance/v1/instance_sdk.go:6735.2,6743.16 4 0
github.com/scaleway/scaleway-sdk-go/api/instance/v1/instance_sdk.go:6743.16,6745.3 1 0
github.com/scaleway/scaleway-sdk-go/api/instance/v1/instance_sdk.go:6746.2,6746.19 1 0
github.com/scaleway/scaleway-sdk-go/api/instance/v1/instance_sdk.go:6750.110,6753.20 2 0
github.com/scaleway/scaleway-sdk-go/api/instance/v1/instance_sdk.go:6753.20,6756.3 2 0
github.com/scaleway/scaleway-sdk-go/api/instance/v1/instance_sdk.go:6758.2,6758.32 1 0
github.com/scaleway/scaleway-sdk-go/api/instance/v1/instance_sdk.go:6758.32,6760.3 1 0
github.com/scaleway/scaleway-sdk-go/api/instance/v1/instance_sdk.go:6762.2,6762.36 1 0
github.com/scaleway/scaleway-sdk-go/api/instance/v1/instance_sdk.go:6762.36,6764.3 1 0
github.com/scaleway/scaleway-sdk-go/api/instance/v1/instance_sdk.go:6766.2,6766.40 1 0
github.com/scaleway/scaleway-sdk-go/api/instance/v1/instance_sdk.go:6766.40,6768.3 1 0
github.com/scaleway/scaleway-sdk-go/api/instance/v1/instance_sdk.go:6770.2,6776.16 3 0
github.com/scaleway/scaleway-sdk-go/api/instance/v1/instance_sdk.go:6776.16,6778.3 1 0
github.com/scaleway/scaleway-sdk-go/api/instance/v1/instance_sdk.go:6780.2,6783.16 3 0
github.com/scaleway/scaleway-sdk-go/api/instance/v1/instance_sdk.go:6783.16,6785.3 1 0
github.com/scaleway/scaleway-sdk-go/api/instance/v1/instance_sdk.go:6786.2,6786.19 1 0
github.com/scaleway/scaleway-sdk-go/api/instance/v1/instance_sdk.go:6790.95,6793.20 2 0
github.com/scaleway/scaleway-sdk-go/api/instance/v1/instance_sdk.go:6793.20,6796.3 2 0
github.com/scaleway/scaleway-sdk-go/api/instance/v1/instance_sdk.go:6798.2,6798.32 1 0
github.com/scaleway/scaleway-sdk-go/api/instance/v1/instance_sdk.go:6798.32,6800.3 1 0
github.com/scaleway/scaleway-sdk-go/api/instance/v1/instance_sdk.go:6802.2,6802.36 1 0
github.com/scaleway/scaleway-sdk-go/api/instance/v1/instance_sdk.go:6802.36,6804.3 1 0
github.com/scaleway/scaleway-sdk-go/api/instance/v1/instance_sdk.go:6806.2,6806.40 1 0
github.com/scaleway/scaleway-sdk-go/api/instance/v1/instance_sdk.go:6806.40,6808.3 1 0
github.com/scaleway/scaleway-sdk-go/api/instance/v1/instance_sdk.go:6810.2,6816.16 3 0
github.com/scaleway/scaleway-sdk-go/api/instance/v1/instance_sdk.go:6816.16,6818.3 1 0
github.com/scaleway/scaleway-sdk-go/api/instance/v1/instance_sdk.go:6819.2,6819.12 1 0
github.com/scaleway/scaleway-sdk-go/api/instance/v1/instance_sdk.go:6823.112,6826.20 2 0
github.com/scaleway/scaleway-sdk-go/api/instance/v1/instance_sdk.go:6826.20,6829.3 2 0
github.com/scaleway/scaleway-sdk-go/api/instance/v1/instance_sdk.go:6831.2,6835.32 4 0
github.com/scaleway/scaleway-sdk-go/api/instance/v1/instance_sdk.go:6835.32,6837.3 1 0
github.com/scaleway/scaleway-sdk-go/api/instance/v1/instance_sdk.go:6839.2,6848.16 4 0
github.com/scaleway/scaleway-sdk-go/api/instance/v1/instance_sdk.go:6848.16,6850.3 1 0
github.com/scaleway/scaleway-sdk-go/api/instance/v1/instance_sdk.go:6851.2,6851.19 1 0
github.com/scaleway/scaleway-sdk-go/api/instance/v1/instance_sdk.go:6859.117,6862.20 2 0
github.com/scaleway/scaleway-sdk-go/api/instance/v1/instance_sdk.go:6862.20,6865.3 2 0
github.com/scaleway/scaleway-sdk-go/api/instance/v1/instance_sdk.go:6867.2,6867.32 1 0
github.com/scaleway/scaleway-sdk-go/api/instance/v1/instance_sdk.go:6867.32,6869.3 1 0
github.com/scaleway/scaleway-sdk-go/api/instance/v1/instance_sdk.go:6871.2,6877.16 3 0
github.com/scaleway/scaleway-sdk-go/api/instance/v1/instance_sdk.go:6877.16,6879.3 1 0
github.com/scaleway/scaleway-sdk-go/api/instance/v1/instance_sdk.go:6881.2,6884.16 3 0
github.com/scaleway/scaleway-sdk-go/api/instance/v1/instance_sdk.go:6884.16,6886.3 1 0
github.com/scaleway/scaleway-sdk-go/api/instance/v1/instance_sdk.go:6887.2,6887.19 1 0
github.com/scaleway/scaleway-sdk-go/api/instance/v1/instance_sdk.go:6891.101,6894.20 2 0
github.com/scaleway/scaleway-sdk-go/api/instance/v1/instance_sdk.go:6894.20,6897.3 2 0
github.com/scaleway/scaleway-sdk-go/api/instance/v1/instance_sdk.go:6899.2,6899.32 1 0
github.com/scaleway/scaleway-sdk-go/api/instance/v1/instance_sdk.go:6899.32,6901.3 1 0
github.com/scaleway/scaleway-sdk-go/api/instance/v1/instance_sdk.go:6903.2,6909.16 3 0
github.com/scaleway/scaleway-sdk-go/api/instance/v1/instance_sdk.go:6909.16,6911.3 1 0
github.com/scaleway/scaleway-sdk-go/api/instance/v1/instance_sdk.go:6913.2,6914.16 2 0
github.com/scaleway/scaleway-sdk-go/api/instance/v1/instance_sdk.go:6914.16,6916.3 1 0
github.com/scaleway/scaleway-sdk-go/api/instance/v1/instance_sdk.go:6917.2,6917.12 1 0
github.com/scaleway/scaleway-sdk-go/api/instance/v1/instance_sdk.go:6921.137,6924.20 2 0
github.com/scaleway/scaleway-sdk-go/api/instance/v1/instance_sdk.go:6924.20,6927.3 2 0
github.com/scaleway/scaleway-sdk-go/api/instance/v1/instance_sdk.go:6929.2,6929.28 1 0
github.com/scaleway/scaleway-sdk-go/api/instance/v1/instance_sdk.go:6929.28,6932.3 2 0
github.com/scaleway/scaleway-sdk-go/api/instance/v1/instance_sdk.go:6934.2,6934.32 1 0
github.com/scaleway/scaleway-sdk-go/api/instance/v1/instance_sdk.go:6934.32,6936.3 1 0
github.com/scaleway/scaleway-sdk-go/api/instance/v1/instance_sdk.go:6938.2,6944.16 3 0
github.com/scaleway/scaleway-sdk-go/api/instance/v1/instance_sdk.go:6944.16,6946.3 1 0
github.com/scaleway/scaleway-sdk-go/api/instance/v1/instance_sdk.go:6948.2,6949.16 2 0
github.com/scaleway/scaleway-sdk-go/api/instance/v1/instance_sdk.go:6949.16,6951.3 1 0
github.com/scaleway/scaleway-sdk-go/api/instance/v1/instance_sdk.go:6952.2,6952.12 1 0
github.com/scaleway/scaleway-sdk-go/api/instance/v1/instance_sdk.go:6956.93,6959.20 2 0
github.com/scaleway/scaleway-sdk-go/api/instance/v1/instance_sdk.go:6959.20,6962.3 2 0
github.com/scaleway/scaleway-sdk-go/api/instance/v1/instance_sdk.go:6964.2,6964.32 1 0
github.com/scaleway/scaleway-sdk-go/api/instance/v1/instance_sdk.go:6964.32,6966.3 1 0
github.com/scaleway/scaleway-sdk-go/api/instance/v1/instance_sdk.go:6968.2,6968.32 1 0
github.com/scaleway/scaleway-sdk-go/api/instance/v1/instance_sdk.go:6968.32,6970.3 1 0
github.com/scaleway/scaleway-sdk-go/api/instance/v1/instance_sdk.go:6972.2,6978.16 3 0
github.com/scaleway/scaleway-sdk-go/api/instance/v1/instance_sdk.go:6978.16,6980.3 1 0
github.com/scaleway/scaleway-sdk-go/api/instance/v1/instance_sdk.go:6982.2,6983.16 2 0
github.com/scaleway/scaleway-sdk-go/api/instance/v1/instance_sdk.go:6983.16,6985.3 1 0
github.com/scaleway/scaleway-sdk-go/api/instance/v1/instance_sdk.go:6986.2,6986.12 1 0
github.com/scaleway/scaleway-sdk-go/api/instance/v1/instance_utils.go:17.50,22.2 4 5
github.com/scaleway/scaleway-sdk-go/api/instance/v1/instance_utils.go:25.61,27.2 1 5
github.com/scaleway/scaleway-sdk-go/api/instance/v1/instance_utils.go:48.100,54.16 2 1
github.com/scaleway/scaleway-sdk-go/api/instance/v1/instance_utils.go:54.16,56.3 1 0
github.com/scaleway/scaleway-sdk-go/api/instance/v1/instance_utils.go:58.2,58.50 1 1
github.com/scaleway/scaleway-sdk-go/api/instance/v1/instance_utils.go:79.100,85.16 2 1
github.com/scaleway/scaleway-sdk-go/api/instance/v1/instance_utils.go:85.16,87.3 1 0
github.com/scaleway/scaleway-sdk-go/api/instance/v1/instance_utils.go:89.2,89.50 1 1
github.com/scaleway/scaleway-sdk-go/api/instance/v1/instance_utils.go:110.112,117.16 3 3
github.com/scaleway/scaleway-sdk-go/api/instance/v1/instance_utils.go:117.16,119.3 1 0
github.com/scaleway/scaleway-sdk-go/api/instance/v1/instance_utils.go:121.2,129.16 3 3
github.com/scaleway/scaleway-sdk-go/api/instance/v1/instance_utils.go:129.16,131.3 1 0
github.com/scaleway/scaleway-sdk-go/api/instance/v1/instance_utils.go:133.2,133.56 1 3
github.com/scaleway/scaleway-sdk-go/api/instance/v1/instance_utils.go:157.112,162.16 2 2
github.com/scaleway/scaleway-sdk-go/api/instance/v1/instance_utils.go:162.16,164.3 1 0
github.com/scaleway/scaleway-sdk-go/api/instance/v1/instance_utils.go:166.2,166.28 1 2
github.com/scaleway/scaleway-sdk-go/api/instance/v1/instance_utils.go:166.28,168.3 1 0
github.com/scaleway/scaleway-sdk-go/api/instance/v1/instance_utils.go:170.2,177.16 3 2
github.com/scaleway/scaleway-sdk-go/api/instance/v1/instance_utils.go:177.16,179.3 1 0
github.com/scaleway/scaleway-sdk-go/api/instance/v1/instance_utils.go:181.2,181.56 1 2
github.com/scaleway/scaleway-sdk-go/api/instance/v1/instance_utils.go:186.67,188.2 1 10
github.com/scaleway/scaleway-sdk-go/api/instance/v1/instance_utils.go:192.63,194.2 1 0
github.com/scaleway/scaleway-sdk-go/api/instance/v1/instance_utils.go:198.78,200.2 1 0
github.com/scaleway/scaleway-sdk-go/api/instance/v1/instance_utils.go:204.74,206.2 1 0
github.com/scaleway/scaleway-sdk-go/api/instance/v1/instance_utils.go:210.72,212.2 1 2
github.com/scaleway/scaleway-sdk-go/api/instance/v1/instance_utils.go:216.69,218.2 1 0
github.com/scaleway/scaleway-sdk-go/api/instance/v1/instance_utils.go:222.67,224.2 1 0
github.com/scaleway/scaleway-sdk-go/api/instance/v1/instance_utils.go:228.66,230.2 1 0
github.com/scaleway/scaleway-sdk-go/api/instance/v1/instance_utils.go:232.61,233.25 1 0
github.com/scaleway/scaleway-sdk-go/api/instance/v1/instance_utils.go:233.25,236.3 2 0
github.com/scaleway/scaleway-sdk-go/api/instance/v1/instance_utils.go:238.2,239.48 2 0
github.com/scaleway/scaleway-sdk-go/api/instance/v1/instance_utils.go:239.48,241.3 1 0
github.com/scaleway/scaleway-sdk-go/api/instance/v1/instance_utils.go:242.2,244.12 3 0
github.com/scaleway/scaleway-sdk-go/api/instance/v1/instance_utils.go:247.61,248.12 1 2
github.com/scaleway/scaleway-sdk-go/api/instance/v1/instance_utils.go:248.12,250.3 1 1
github.com/scaleway/scaleway-sdk-go/api/instance/v1/instance_utils.go:251.2,251.30 1 1
github.com/scaleway/scaleway-sdk-go/api/instance/v1/instance_utils.go:265.112,267.24 2 0
github.com/scaleway/scaleway-sdk-go/api/instance/v1/instance_utils.go:267.24,269.3 1 0
github.com/scaleway/scaleway-sdk-go/api/instance/v1/instance_utils.go:270.2,271.30 2 0
github.com/scaleway/scaleway-sdk-go/api/instance/v1/instance_utils.go:271.30,273.3 1 0
github.com/scaleway/scaleway-sdk-go/api/instance/v1/instance_utils.go:275.2,281.34 2 0
github.com/scaleway/scaleway-sdk-go/api/instance/v1/instance_utils.go:281.34,287.18 2 0
github.com/scaleway/scaleway-sdk-go/api/instance/v1/instance_utils.go:287.18,289.5 1 0
github.com/scaleway/scaleway-sdk-go/api/instance/v1/instance_utils.go:290.4,292.42 2 0
github.com/scaleway/scaleway-sdk-go/api/instance/v1/instance_utils.go:297.2,297.16 1 0
github.com/scaleway/scaleway-sdk-go/api/instance/v1/instance_utils.go:297.16,299.3 1 0
github.com/scaleway/scaleway-sdk-go/api/instance/v1/instance_utils.go:300.2,300.30 1 0
github.com/scaleway/scaleway-sdk-go/api/instance/v1/instance_utils.go:314.112,316.24 2 0
github.com/scaleway/scaleway-sdk-go/api/instance/v1/instance_utils.go:316.24,318.3 1 0
github.com/scaleway/scaleway-sdk-go/api/instance/v1/instance_utils.go:319.2,320.30 2 0
github.com/scaleway/scaleway-sdk-go/api/instance/v1/instance_utils.go:320.30,322.3 1 0
github.com/scaleway/scaleway-sdk-go/api/instance/v1/instance_utils.go:324.2,325.34 1 0
github.com/scaleway/scaleway-sdk-go/api/instance/v1/instance_utils.go:325.34,331.18 2 0
github.com/scaleway/scaleway-sdk-go/api/instance/v1/instance_utils.go:331.18,333.5 1 0
github.com/scaleway/scaleway-sdk-go/api/instance/v1/instance_utils.go:335.4,335.42 1 0
github.com/scaleway/scaleway-sdk-go/api/instance/v1/instance_utils.go:335.42,337.5 1 0
github.com/scaleway/scaleway-sdk-go/api/instance/v1/instance_utils.go:339.4,339.37 1 0
github.com/scaleway/scaleway-sdk-go/api/instance/v1/instance_utils.go:344.2,344.16 1 0
github.com/scaleway/scaleway-sdk-go/api/instance/v1/instance_utils.go:344.16,346.3 1 0
github.com/scaleway/scaleway-sdk-go/api/instance/v1/instance_utils.go:347.2,347.30 1 0
github.com/scaleway/scaleway-sdk-go/api/instance/v1/instance_utils.go:352.82,354.2 1 0
github.com/scaleway/scaleway-sdk-go/api/instance/v1/instance_utils.go:366.122,368.24 2 0
github.com/scaleway/scaleway-sdk-go/api/instance/v1/instance_utils.go:368.24,370.3 1 0
github.com/scaleway/scaleway-sdk-go/api/instance/v1/instance_utils.go:371.2,372.30 2 0
github.com/scaleway/scaleway-sdk-go/api/instance/v1/instance_utils.go:372.30,374.3 1 0
github.com/scaleway/scaleway-sdk-go/api/instance/v1/instance_utils.go:376.2,377.34 1 0
github.com/scaleway/scaleway-sdk-go/api/instance/v1/instance_utils.go:377.34,382.18 2 0
github.com/scaleway/scaleway-sdk-go/api/instance/v1/instance_utils.go:382.18,384.5 1 0
github.com/scaleway/scaleway-sdk-go/api/instance/v1/instance_utils.go:386.4,386.102 1 0
github.com/scaleway/scaleway-sdk-go/api/instance/v1/instance_utils.go:386.102,388.5 1 0
github.com/scaleway/scaleway-sdk-go/api/instance/v1/instance_utils.go:390.4,390.33 1 0
github.com/scaleway/scaleway-sdk-go/api/instance/v1/instance_utils.go:395.2,395.16 1 0
github.com/scaleway/scaleway-sdk-go/api/instance/v1/instance_utils.go:395.16,397.3 1 0
github.com/scaleway/scaleway-sdk-go/api/instance/v1/instance_utils.go:398.2,398.30 1 0
github.com/scaleway/scaleway-sdk-go/api/instance/v1/instance_utils.go:408.120,410.24 2 0
github.com/scaleway/scaleway-sdk-go/api/instance/v1/instance_utils.go:410.24,412.3 1 0
github.com/scaleway/scaleway-sdk-go/api/instance/v1/instance_utils.go:413.2,414.30 2 0
github.com/scaleway/scaleway-sdk-go/api/instance/v1/instance_utils.go:414.30,416.3 1 0
github.com/scaleway/scaleway-sdk-go/api/instance/v1/instance_utils.go:418.2,424.34 2 0
github.com/scaleway/scaleway-sdk-go/api/instance/v1/instance_utils.go:424.34,429.18 2 0
github.com/scaleway/scaleway-sdk-go/api/instance/v1/instance_utils.go:429.18,431.5 1 0
github.com/scaleway/scaleway-sdk-go/api/instance/v1/instance_utils.go:433.4,434.46 2 0
github.com/scaleway/scaleway-sdk-go/api/instance/v1/instance_utils.go:434.46,435.47 1 0
github.com/scaleway/scaleway-sdk-go/api/instance/v1/instance_utils.go:435.47,437.11 2 0
github.com/scaleway/scaleway-sdk-go/api/instance/v1/instance_utils.go:441.4,441.47 1 0
github.com/scaleway/scaleway-sdk-go/api/instance/v1/instance_utils.go:446.2,446.16 1 0
github.com/scaleway/scaleway-sdk-go/api/instance/v1/instance_utils.go:446.16,448.3 1 0
github.com/scaleway/scaleway-sdk-go/api/instance/v1/instance_utils.go:450.2,450.30 1 0
github.com/scaleway/scaleway-sdk-go/api/instance/v1/server_utils.go:23.112,25.56 1 20
github.com/scaleway/scaleway-sdk-go/api/instance/v1/server_utils.go:25.56,34.78 3 14
github.com/scaleway/scaleway-sdk-go/api/instance/v1/server_utils.go:34.78,36.4 1 14
github.com/scaleway/scaleway-sdk-go/api/instance/v1/server_utils.go:38.3,39.17 2 14
github.com/scaleway/scaleway-sdk-go/api/instance/v1/server_utils.go:39.17,41.4 1 0
github.com/scaleway/scaleway-sdk-go/api/instance/v1/server_utils.go:42.3,42.38 1 14
github.com/scaleway/scaleway-sdk-go/api/instance/v1/server_utils.go:45.2,45.37 1 20
github.com/scaleway/scaleway-sdk-go/api/instance/v1/server_utils.go:48.94,52.33 3 14
github.com/scaleway/scaleway-sdk-go/api/instance/v1/server_utils.go:52.33,53.25 1 12
github.com/scaleway/scaleway-sdk-go/api/instance/v1/server_utils.go:53.25,54.12 1 10
github.com/scaleway/scaleway-sdk-go/api/instance/v1/server_utils.go:56.3,56.19 1 2
github.com/scaleway/scaleway-sdk-go/api/instance/v1/server_utils.go:56.19,58.29 2 2
github.com/scaleway/scaleway-sdk-go/api/instance/v1/server_utils.go:59.35,60.59 1 1
github.com/scaleway/scaleway-sdk-go/api/instance/v1/server_utils.go:61.30,62.61 1 1
github.com/scaleway/scaleway-sdk-go/api/instance/v1/server_utils.go:67.2,67.42 1 14
github.com/scaleway/scaleway-sdk-go/api/instance/v1/server_utils.go:67.42,68.34 1 8
github.com/scaleway/scaleway-sdk-go/api/instance/v1/server_utils.go:69.34,70.58 1 3
github.com/scaleway/scaleway-sdk-go/api/instance/v1/server_utils.go:71.29,72.60 1 5
github.com/scaleway/scaleway-sdk-go/api/instance/v1/server_utils.go:75.2,75.24 1 14
github.com/scaleway/scaleway-sdk-go/api/instance/v1/server_utils.go:81.112,84.2 2 0
github.com/scaleway/scaleway-sdk-go/api/instance/v1/server_utils.go:96.100,98.24 2 1
github.com/scaleway/scaleway-sdk-go/api/instance/v1/server_utils.go:98.24,100.3 1 0
github.com/scaleway/scaleway-sdk-go/api/instance/v1/server_utils.go:101.2,102.30 2 1
github.com/scaleway/scaleway-sdk-go/api/instance/v1/server_utils.go:102.30,104.3 1 0
github.com/scaleway/scaleway-sdk-go/api/instance/v1/server_utils.go:106.2,114.34 2 1
github.com/scaleway/scaleway-sdk-go/api/instance/v1/server_utils.go:114.34,119.18 2 1
github.com/scaleway/scaleway-sdk-go/api/instance/v1/server_utils.go:119.18,121.5 1 0
github.com/scaleway/scaleway-sdk-go/api/instance/v1/server_utils.go:122.4,124.38 2 1
github.com/scaleway/scaleway-sdk-go/api/instance/v1/server_utils.go:129.2,129.16 1 1
github.com/scaleway/scaleway-sdk-go/api/instance/v1/server_utils.go:129.16,131.3 1 0
github.com/scaleway/scaleway-sdk-go/api/instance/v1/server_utils.go:132.2,132.30 1 1
github.com/scaleway/scaleway-sdk-go/api/instance/v1/server_utils.go:148.101,150.24 2 0
github.com/scaleway/scaleway-sdk-go/api/instance/v1/server_utils.go:150.24,152.3 1 0
github.com/scaleway/scaleway-sdk-go/api/instance/v1/server_utils.go:153.2,154.30 2 0
github.com/scaleway/scaleway-sdk-go/api/instance/v1/server_utils.go:154.30,156.3 1 0
github.com/scaleway/scaleway-sdk-go/api/instance/v1/server_utils.go:158.2,163.16 2 0
github.com/scaleway/scaleway-sdk-go/api/instance/v1/server_utils.go:163.16,165.3 1 0
github.com/scaleway/scaleway-sdk-go/api/instance/v1/server_utils.go:167.2,173.16 2 0
github.com/scaleway/scaleway-sdk-go/api/instance/v1/server_utils.go:173.16,175.3 1 0
github.com/scaleway/scaleway-sdk-go/api/instance/v1/server_utils.go:178.2,179.20 2 0
github.com/scaleway/scaleway-sdk-go/api/instance/v1/server_utils.go:180.47,181.37 1 0
github.com/scaleway/scaleway-sdk-go/api/instance/v1/server_utils.go:182.28,183.37 1 0
github.com/scaleway/scaleway-sdk-go/api/instance/v1/server_utils.go:184.31,185.44 1 0
github.com/scaleway/scaleway-sdk-go/api/instance/v1/server_utils.go:189.2,189.83 1 0
github.com/scaleway/scaleway-sdk-go/api/instance/v1/server_utils.go:189.83,191.3 1 0
github.com/scaleway/scaleway-sdk-go/api/instance/v1/server_utils.go:193.2,193.12 1 0
github.com/scaleway/scaleway-sdk-go/api/instance/v1/server_utils.go:203.77,207.16 2 1
github.com/scaleway/scaleway-sdk-go/api/instance/v1/server_utils.go:207.16,209.3 1 0
github.com/scaleway/scaleway-sdk-go/api/instance/v1/server_utils.go:211.2,211.55 1 1
github.com/scaleway/scaleway-sdk-go/api/instance/v1/server_utils.go:211.55,213.3 1 1
github.com/scaleway/scaleway-sdk-go/api/instance/v1/server_utils.go:215.2,215.67 1 0
github.com/scaleway/scaleway-sdk-go/api/instance/v1/server_utils.go:228.110,231.20 2 8
github.com/scaleway/scaleway-sdk-go/api/instance/v1/server_utils.go:231.20,234.3 2 0
github.com/scaleway/scaleway-sdk-go/api/instance/v1/server_utils.go:236.2,236.20 1 8
github.com/scaleway/scaleway-sdk-go/api/instance/v1/server_utils.go:236.20,238.3 1 0
github.com/scaleway/scaleway-sdk-go/api/instance/v1/server_utils.go:240.2,240.24 1 8
github.com/scaleway/scaleway-sdk-go/api/instance/v1/server_utils.go:240.24,242.3 1 0
github.com/scaleway/scaleway-sdk-go/api/instance/v1/server_utils.go:244.2,244.19 1 8
github.com/scaleway/scaleway-sdk-go/api/instance/v1/server_utils.go:244.19,246.3 1 0
github.com/scaleway/scaleway-sdk-go/api/instance/v1/server_utils.go:248.2,257.16 4 8
github.com/scaleway/scaleway-sdk-go/api/instance/v1/server_utils.go:257.16,259.3 1 0
github.com/scaleway/scaleway-sdk-go/api/instance/v1/server_utils.go:261.2,261.17 1 8
github.com/scaleway/scaleway-sdk-go/api/instance/v1/server_utils.go:277.97,280.20 2 8
github.com/scaleway/scaleway-sdk-go/api/instance/v1/server_utils.go:280.20,283.3 2 0
github.com/scaleway/scaleway-sdk-go/api/instance/v1/server_utils.go:285.2,285.20 1 8
github.com/scaleway/scaleway-sdk-go/api/instance/v1/server_utils.go:285.20,287.3 1 0
github.com/scaleway/scaleway-sdk-go/api/instance/v1/server_utils.go:289.2,289.24 1 8
github.com/scaleway/scaleway-sdk-go/api/instance/v1/server_utils.go:289.24,291.3 1 0
github.com/scaleway/scaleway-sdk-go/api/instance/v1/server_utils.go:293.2,293.19 1 8
github.com/scaleway/scaleway-sdk-go/api/instance/v1/server_utils.go:293.19,295.3 1 0
github.com/scaleway/scaleway-sdk-go/api/instance/v1/server_utils.go:297.2,297.24 1 8
github.com/scaleway/scaleway-sdk-go/api/instance/v1/server_utils.go:297.24,299.3 1 0
github.com/scaleway/scaleway-sdk-go/api/instance/v1/server_utils.go:301.2,308.16 3 8
github.com/scaleway/scaleway-sdk-go/api/instance/v1/server_utils.go:308.16,310.3 1 0
github.com/scaleway/scaleway-sdk-go/api/instance/v1/server_utils.go:312.2,313.16 2 8
github.com/scaleway/scaleway-sdk-go/api/instance/v1/server_utils.go:313.16,315.3 1 0
github.com/scaleway/scaleway-sdk-go/api/instance/v1/server_utils.go:317.2,317.12 1 8
github.com/scaleway/scaleway-sdk-go/api/instance/v1/server_utils.go:332.136,335.20 2 3
github.com/scaleway/scaleway-sdk-go/api/instance/v1/server_utils.go:335.20,338.3 2 0
github.com/scaleway/scaleway-sdk-go/api/instance/v1/server_utils.go:340.2,340.32 1 3
github.com/scaleway/scaleway-sdk-go/api/instance/v1/server_utils.go:340.32,342.3 1 0
github.com/scaleway/scaleway-sdk-go/api/instance/v1/server_utils.go:344.2,344.24 1 3
github.com/scaleway/scaleway-sdk-go/api/instance/v1/server_utils.go:344.24,346.3 1 0
github.com/scaleway/scaleway-sdk-go/api/instance/v1/server_utils.go:349.2,353.16 2 3
github.com/scaleway/scaleway-sdk-go/api/instance/v1/server_utils.go:353.16,355.3 1 0
github.com/scaleway/scaleway-sdk-go/api/instance/v1/server_utils.go:357.2,362.46 2 3
github.com/scaleway/scaleway-sdk-go/api/instance/v1/server_utils.go:362.46,368.17 2 7
github.com/scaleway/scaleway-sdk-go/api/instance/v1/server_utils.go:368.17,370.4 1 0
github.com/scaleway/scaleway-sdk-go/api/instance/v1/server_utils.go:371.3,371.28 1 7
github.com/scaleway/scaleway-sdk-go/api/instance/v1/server_utils.go:374.2,374.17 1 3
github.com/scaleway/scaleway-sdk-go/api/instance/v1/server_utils.go:389.103,392.20 2 3
github.com/scaleway/scaleway-sdk-go/api/instance/v1/server_utils.go:392.20,395.3 2 0
github.com/scaleway/scaleway-sdk-go/api/instance/v1/server_utils.go:397.2,397.20 1 3
github.com/scaleway/scaleway-sdk-go/api/instance/v1/server_utils.go:397.20,399.3 1 0
github.com/scaleway/scaleway-sdk-go/api/instance/v1/server_utils.go:401.2,401.24 1 3
github.com/scaleway/scaleway-sdk-go/api/instance/v1/server_utils.go:401.24,403.3 1 0
github.com/scaleway/scaleway-sdk-go/api/instance/v1/server_utils.go:406.2,410.16 2 3
github.com/scaleway/scaleway-sdk-go/api/instance/v1/server_utils.go:410.16,412.3 1 0
github.com/scaleway/scaleway-sdk-go/api/instance/v1/server_utils.go:415.2,415.46 1 3
github.com/scaleway/scaleway-sdk-go/api/instance/v1/server_utils.go:415.46,417.12 2 7
github.com/scaleway/scaleway-sdk-go/api/instance/v1/server_utils.go:417.12,418.12 1 2
github.com/scaleway/scaleway-sdk-go/api/instance/v1/server_utils.go:420.3,425.17 2 5
github.com/scaleway/scaleway-sdk-go/api/instance/v1/server_utils.go:425.17,427.4 1 0
github.com/scaleway/scaleway-sdk-go/api/instance/v1/server_utils.go:431.2,431.39 1 3
github.com/scaleway/scaleway-sdk-go/api/instance/v1/server_utils.go:431.39,438.17 2 7
github.com/scaleway/scaleway-sdk-go/api/instance/v1/server_utils.go:438.17,440.4 1 0
github.com/scaleway/scaleway-sdk-go/api/instance/v1/server_utils.go:443.2,443.12 1 3
github.com/scaleway/scaleway-sdk-go/api/instance/v1/snapshot_utils.go:20.106,22.24 2 2
github.com/scaleway/scaleway-sdk-go/api/instance/v1/snapshot_utils.go:22.24,24.3 1 0
github.com/scaleway/scaleway-sdk-go/api/instance/v1/snapshot_utils.go:25.2,26.30 2 2
github.com/scaleway/scaleway-sdk-go/api/instance/v1/snapshot_utils.go:26.30,28.3 1 0
github.com/scaleway/scaleway-sdk-go/api/instance/v1/snapshot_utils.go:30.2,36.34 2 2
github.com/scaleway/scaleway-sdk-go/api/instance/v1/snapshot_utils.go:36.34,41.18 2 2
github.com/scaleway/scaleway-sdk-go/api/instance/v1/snapshot_utils.go:41.18,43.5 1 0
github.com/scaleway/scaleway-sdk-go/api/instance/v1/snapshot_utils.go:44.4,46.40 2 2
github.com/scaleway/scaleway-sdk-go/api/instance/v1/snapshot_utils.go:51.2,51.16 1 2
github.com/scaleway/scaleway-sdk-go/api/instance/v1/snapshot_utils.go:51.16,53.3 1 0
github.com/scaleway/scaleway-sdk-go/api/instance/v1/snapshot_utils.go:54.2,54.34 1 2
github.com/scaleway/scaleway-sdk-go/api/instance/v1/volume_utils.go:22.100,24.24 2 0
github.com/scaleway/scaleway-sdk-go/api/instance/v1/volume_utils.go:24.24,26.3 1 0
github.com/scaleway/scaleway-sdk-go/api/instance/v1/volume_utils.go:27.2,28.30 2 0
github.com/scaleway/scaleway-sdk-go/api/instance/v1/volume_utils.go:28.30,30.3 1 0
github.com/scaleway/scaleway-sdk-go/api/instance/v1/volume_utils.go:32.2,38.34 2 0
github.com/scaleway/scaleway-sdk-go/api/instance/v1/volume_utils.go:38.34,43.18 2 0
github.com/scaleway/scaleway-sdk-go/api/instance/v1/volume_utils.go:43.18,45.5 1 0
github.com/scaleway/scaleway-sdk-go/api/instance/v1/volume_utils.go:46.4,48.38 2 0
github.com/scaleway/scaleway-sdk-go/api/instance/v1/volume_utils.go:53.2,53.16 1 0
github.com/scaleway/scaleway-sdk-go/api/instance/v1/volume_utils.go:53.16,55.3 1 0
github.com/scaleway/scaleway-sdk-go/api/instance/v1/volume_utils.go:56.2,56.30 1 0
github.com/scaleway/scaleway-sdk-go/api/instance/v1/volume_utils.go:72.113,78.53 2 5
github.com/scaleway/scaleway-sdk-go/api/instance/v1/volume_utils.go:78.53,84.52 3 5
github.com/scaleway/scaleway-sdk-go/api/instance/v1/volume_utils.go:84.52,86.4 1 0
github.com/scaleway/scaleway-sdk-go/api/instance/v1/volume_utils.go:88.3,88.31 1 5
github.com/scaleway/scaleway-sdk-go/api/instance/v1/volume_utils.go:88.31,89.81 1 2
github.com/scaleway/scaleway-sdk-go/api/instance/v1/volume_utils.go:89.81,91.5 1 1
github.com/scaleway/scaleway-sdk-go/api/instance/v1/volume_utils.go:92.4,92.53 1 2
github.com/scaleway/scaleway-sdk-go/api/instance/v1/volume_utils.go:96.2,96.75 1 5
github.com/scaleway/scaleway-sdk-go/api/instance/v1/volume_utils.go:96.75,101.17 2 3
github.com/scaleway/scaleway-sdk-go/api/instance/v1/volume_utils.go:101.17,103.4 1 0
github.com/scaleway/scaleway-sdk-go/api/instance/v1/volume_utils.go:104.3,104.58 1 3
github.com/scaleway/scaleway-sdk-go/api/instance/v1/volume_utils.go:104.58,105.58 1 1
github.com/scaleway/scaleway-sdk-go/api/instance/v1/volume_utils.go:105.58,107.5 1 1
github.com/scaleway/scaleway-sdk-go/api/instance/v1/volume_utils.go:109.3,109.42 1 3
github.com/scaleway/scaleway-sdk-go/api/instance/v1/volume_utils.go:112.2,112.20 1 5
github.com/scaleway/scaleway-sdk-go/api/marketplace/v2/marketplace_sdk.go:53.54,54.16 1 0
github.com/scaleway/scaleway-sdk-go/api/marketplace/v2/marketplace_sdk.go:54.16,57.3 1 0
github.com/scaleway/scaleway-sdk-go/api/marketplace/v2/marketplace_sdk.go:58.2,58.21 1 0
github.com/scaleway/scaleway-sdk-go/api/marketplace/v2/marketplace_sdk.go:61.74,70.2 1 0
github.com/scaleway/scaleway-sdk-go/api/marketplace/v2/marketplace_sdk.go:72.68,74.2 1 0
github.com/scaleway/scaleway-sdk-go/api/marketplace/v2/marketplace_sdk.go:76.72,79.51 2 0
github.com/scaleway/scaleway-sdk-go/api/marketplace/v2/marketplace_sdk.go:79.51,81.3 1 0
github.com/scaleway/scaleway-sdk-go/api/marketplace/v2/marketplace_sdk.go:83.2,84.12 2 0
github.com/scaleway/scaleway-sdk-go/api/marketplace/v2/marketplace_sdk.go:96.59,97.16 1 3
github.com/scaleway/scaleway-sdk-go/api/marketplace/v2/marketplace_sdk.go:97.16,100.3 1 3
github.com/scaleway/scaleway-sdk-go/api/marketplace/v2/marketplace_sdk.go:101.2,101.21 1 0
github.com/scaleway/scaleway-sdk-go/api/marketplace/v2/marketplace_sdk.go:104.84,111.2 1 0
github.com/scaleway/scaleway-sdk-go/api/marketplace/v2/marketplace_sdk.go:113.73,115.2 1 0
github.com/scaleway/scaleway-sdk-go/api/marketplace/v2/marketplace_sdk.go:117.77,120.51 2 0
github.com/scaleway/scaleway-sdk-go/api/marketplace/v2/marketplace_sdk.go:120.51,122.3 1 0
github.com/scaleway/scaleway-sdk-go/api/marketplace/v2/marketplace_sdk.go:124.2,125.12 2 0
github.com/scaleway/scaleway-sdk-go/api/marketplace/v2/marketplace_sdk.go:135.56,136.16 1 0
github.com/scaleway/scaleway-sdk-go/api/marketplace/v2/marketplace_sdk.go:136.16,139.3 1 0
github.com/scaleway/scaleway-sdk-go/api/marketplace/v2/marketplace_sdk.go:140.2,140.21 1 0
github.com/scaleway/scaleway-sdk-go/api/marketplace/v2/marketplace_sdk.go:143.78,148.2 1 0
github.com/scaleway/scaleway-sdk-go/api/marketplace/v2/marketplace_sdk.go:150.70,152.2 1 0
github.com/scaleway/scaleway-sdk-go/api/marketplace/v2/marketplace_sdk.go:154.74,157.51 2 0
github.com/scaleway/scaleway-sdk-go/api/marketplace/v2/marketplace_sdk.go:157.51,159.3 1 0
github.com/scaleway/scaleway-sdk-go/api/marketplace/v2/marketplace_sdk.go:161.2,162.12 2 0
github.com/scaleway/scaleway-sdk-go/api/marketplace/v2/marketplace_sdk.go:176.44,177.16 1 9
github.com/scaleway/scaleway-sdk-go/api/marketplace/v2/marketplace_sdk.go:177.16,180.3 1 3
github.com/scaleway/scaleway-sdk-go/api/marketplace/v2/marketplace_sdk.go:181.2,181.21 1 6
github.com/scaleway/scaleway-sdk-go/api/marketplace/v2/marketplace_sdk.go:184.54,190.2 1 0
github.com/scaleway/scaleway-sdk-go/api/marketplace/v2/marketplace_sdk.go:192.58,194.2 1 0
github.com/scaleway/scaleway-sdk-go/api/marketplace/v2/marketplace_sdk.go:196.62,199.51 2 6
github.com/scaleway/scaleway-sdk-go/api/marketplace/v2/marketplace_sdk.go:199.51,201.3 1 0
github.com/scaleway/scaleway-sdk-go/api/marketplace/v2/marketplace_sdk.go:203.2,204.12 2 6
github.com/scaleway/scaleway-sdk-go/api/marketplace/v2/marketplace_sdk.go:324.63,326.2 1 0
github.com/scaleway/scaleway-sdk-go/api/marketplace/v2/marketplace_sdk.go:330.72,332.9 2 0
github.com/scaleway/scaleway-sdk-go/api/marketplace/v2/marketplace_sdk.go:332.9,334.3 1 0
github.com/scaleway/scaleway-sdk-go/api/marketplace/v2/marketplace_sdk.go:336.2,338.45 3 0
github.com/scaleway/scaleway-sdk-go/api/marketplace/v2/marketplace_sdk.go:372.59,374.2 1 0
github.com/scaleway/scaleway-sdk-go/api/marketplace/v2/marketplace_sdk.go:378.68,380.9 2 0
github.com/scaleway/scaleway-sdk-go/api/marketplace/v2/marketplace_sdk.go:380.9,382.3 1 0
github.com/scaleway/scaleway-sdk-go/api/marketplace/v2/marketplace_sdk.go:384.2,386.41 3 0
github.com/scaleway/scaleway-sdk-go/api/marketplace/v2/marketplace_sdk.go:433.64,435.2 1 0
github.com/scaleway/scaleway-sdk-go/api/marketplace/v2/marketplace_sdk.go:439.73,441.9 2 0
github.com/scaleway/scaleway-sdk-go/api/marketplace/v2/marketplace_sdk.go:441.9,443.3 1 0
github.com/scaleway/scaleway-sdk-go/api/marketplace/v2/marketplace_sdk.go:445.2,447.46 3 0
github.com/scaleway/scaleway-sdk-go/api/marketplace/v2/marketplace_sdk.go:471.61,473.2 1 0
github.com/scaleway/scaleway-sdk-go/api/marketplace/v2/marketplace_sdk.go:477.70,479.9 2 0
github.com/scaleway/scaleway-sdk-go/api/marketplace/v2/marketplace_sdk.go:479.9,481.3 1 0
github.com/scaleway/scaleway-sdk-go/api/marketplace/v2/marketplace_sdk.go:483.2,485.43 3 0
github.com/scaleway/scaleway-sdk-go/api/marketplace/v2/marketplace_sdk.go:494.38,498.2 1 3
github.com/scaleway/scaleway-sdk-go/api/marketplace/v2/marketplace_sdk.go:501.106,505.58 3 0
github.com/scaleway/scaleway-sdk-go/api/marketplace/v2/marketplace_sdk.go:505.58,507.3 1 0
github.com/scaleway/scaleway-sdk-go/api/marketplace/v2/marketplace_sdk.go:509.2,526.16 11 0
github.com/scaleway/scaleway-sdk-go/api/marketplace/v2/marketplace_sdk.go:526.16,528.3 1 0
github.com/scaleway/scaleway-sdk-go/api/marketplace/v2/marketplace_sdk.go:529.2,529.19 1 0
github.com/scaleway/scaleway-sdk-go/api/marketplace/v2/marketplace_sdk.go:533.89,536.35 2 0
github.com/scaleway/scaleway-sdk-go/api/marketplace/v2/marketplace_sdk.go:536.35,538.3 1 0
github.com/scaleway/scaleway-sdk-go/api/marketplace/v2/marketplace_sdk.go:540.2,548.16 4 0
github.com/scaleway/scaleway-sdk-go/api/marketplace/v2/marketplace_sdk.go:548.16,550.3 1 0
github.com/scaleway/scaleway-sdk-go/api/marketplace/v2/marketplace_sdk.go:551.2,551.19 1 0
github.com/scaleway/scaleway-sdk-go/api/marketplace/v2/marketplace_sdk.go:555.112,559.58 3 0
github.com/scaleway/scaleway-sdk-go/api/marketplace/v2/marketplace_sdk.go:559.58,561.3 1 0
github.com/scaleway/scaleway-sdk-go/api/marketplace/v2/marketplace_sdk.go:563.2,578.16 9 0
github.com/scaleway/scaleway-sdk-go/api/marketplace/v2/marketplace_sdk.go:578.16,580.3 1 0
github.com/scaleway/scaleway-sdk-go/api/marketplace/v2/marketplace_sdk.go:581.2,581.19 1 0
github.com/scaleway/scaleway-sdk-go/api/marketplace/v2/marketplace_sdk.go:585.95,588.37 2 0
github.com/scaleway/scaleway-sdk-go/api/marketplace/v2/marketplace_sdk.go:588.37,590.3 1 0
github.com/scaleway/scaleway-sdk-go/api/marketplace/v2/marketplace_sdk.go:592.2,600.16 4 0
github.com/scaleway/scaleway-sdk-go/api/marketplace/v2/marketplace_sdk.go:600.16,602.3 1 0
github.com/scaleway/scaleway-sdk-go/api/marketplace/v2/marketplace_sdk.go:603.2,603.19 1 0
github.com/scaleway/scaleway-sdk-go/api/marketplace/v2/marketplace_sdk.go:607.121,611.58 3 3
github.com/scaleway/scaleway-sdk-go/api/marketplace/v2/marketplace_sdk.go:611.58,613.3 1 0
github.com/scaleway/scaleway-sdk-go/api/marketplace/v2/marketplace_sdk.go:615.2,616.51 2 3
github.com/scaleway/scaleway-sdk-go/api/marketplace/v2/marketplace_sdk.go:616.51,618.3 1 0
github.com/scaleway/scaleway-sdk-go/api/marketplace/v2/marketplace_sdk.go:620.2,640.16 14 3
github.com/scaleway/scaleway-sdk-go/api/marketplace/v2/marketplace_sdk.go:640.16,642.3 1 1
github.com/scaleway/scaleway-sdk-go/api/marketplace/v2/marketplace_sdk.go:643.2,643.19 1 2
github.com/scaleway/scaleway-sdk-go/api/marketplace/v2/marketplace_sdk.go:647.104,650.40 2 0
github.com/scaleway/scaleway-sdk-go/api/marketplace/v2/marketplace_sdk.go:650.40,652.3 1 0
github.com/scaleway/scaleway-sdk-go/api/marketplace/v2/marketplace_sdk.go:654.2,662.16 4 0
github.com/scaleway/scaleway-sdk-go/api/marketplace/v2/marketplace_sdk.go:662.16,664.3 1 0
github.com/scaleway/scaleway-sdk-go/api/marketplace/v2/marketplace_sdk.go:665.2,665.19 1 0
github.com/scaleway/scaleway-sdk-go/api/marketplace/v2/marketplace_sdk.go:669.118,673.58 3 0
github.com/scaleway/scaleway-sdk-go/api/marketplace/v2/marketplace_sdk.go:673.58,675.3 1 0
github.com/scaleway/scaleway-sdk-go/api/marketplace/v2/marketplace_sdk.go:677.2,690.16 7 0
github.com/scaleway/scaleway-sdk-go/api/marketplace/v2/marketplace_sdk.go:690.16,692.3 1 0
github.com/scaleway/scaleway-sdk-go/api/marketplace/v2/marketplace_sdk.go:693.2,693.19 1 0
github.com/scaleway/scaleway-sdk-go/api/marketplace/v2/marketplace_sdk.go:697.98,700.38 2 0
github.com/scaleway/scaleway-sdk-go/api/marketplace/v2/marketplace_sdk.go:700.38,702.3 1 0
github.com/scaleway/scaleway-sdk-go/api/marketplace/v2/marketplace_sdk.go:704.2,712.16 4 0
github.com/scaleway/scaleway-sdk-go/api/marketplace/v2/marketplace_sdk.go:712.16,714.3 1 0
github.com/scaleway/scaleway-sdk-go/api/marketplace/v2/marketplace_sdk.go:715.2,715.19 1 0
github.com/scaleway/scaleway-sdk-go/api/marketplace/v2/marketplace_utils.go:13.63,14.33 1 0
github.com/scaleway/scaleway-sdk-go/api/marketplace/v2/marketplace_utils.go:14.33,15.27 1 0
github.com/scaleway/scaleway-sdk-go/api/marketplace/v2/marketplace_utils.go:15.27,17.4 1 0
github.com/scaleway/scaleway-sdk-go/api/marketplace/v2/marketplace_utils.go:19.2,19.12 1 0
github.com/scaleway/scaleway-sdk-go/api/marketplace/v2/marketplace_utils.go:27.103,32.16 4 0
github.com/scaleway/scaleway-sdk-go/api/marketplace/v2/marketplace_utils.go:32.16,34.3 1 0
github.com/scaleway/scaleway-sdk-go/api/marketplace/v2/marketplace_utils.go:36.2,37.18 2 0
github.com/scaleway/scaleway-sdk-go/api/marketplace/v2/marketplace_utils.go:37.18,39.3 1 0
github.com/scaleway/scaleway-sdk-go/api/marketplace/v2/marketplace_utils.go:41.2,41.19 1 0
github.com/scaleway/scaleway-sdk-go/api/marketplace/v2/marketplace_utils.go:52.118,53.20 1 3
github.com/scaleway/scaleway-sdk-go/api/marketplace/v2/marketplace_utils.go:53.20,56.3 2 0
github.com/scaleway/scaleway-sdk-go/api/marketplace/v2/marketplace_utils.go:57.2,64.16 3 3
github.com/scaleway/scaleway-sdk-go/api/marketplace/v2/marketplace_utils.go:64.16,66.3 1 1
github.com/scaleway/scaleway-sdk-go/api/marketplace/v2/marketplace_utils.go:67.2,67.46 1 2
github.com/scaleway/scaleway-sdk-go/api/marketplace/v2/marketplace_utils.go:67.46,68.50 1 2
github.com/scaleway/scaleway-sdk-go/api/marketplace/v2/marketplace_utils.go:68.50,70.4 1 2
github.com/scaleway/scaleway-sdk-go/api/marketplace/v2/marketplace_utils.go:73.2,73.134 1 0
github.com/scaleway/scaleway-sdk-go/api/marketplace/v2/marketplace_utils.go:78.64,79.72 1 2
github.com/scaleway/scaleway-sdk-go/api/marketplace/v2/marketplace_utils.go:79.72,80.49 1 6
github.com/scaleway/scaleway-sdk-go/api/marketplace/v2/marketplace_utils.go:80.49,82.4 1 2
github.com/scaleway/scaleway-sdk-go/api/marketplace/v2/marketplace_utils.go:84.2,84.14 1 0
github.com/scaleway/scaleway-sdk-go/internal/async/wait.go:23.70,24.33 1 6
github.com/scaleway/scaleway-sdk-go/internal/async/wait.go:24.33,26.3 1 5
github.com/scaleway/scaleway-sdk-go/internal/async/wait.go:30.85,33.33 2 1
github.com/scaleway/scaleway-sdk-go/internal/async/wait.go:33.33,36.3 2 4
github.com/scaleway/scaleway-sdk-go/internal/async/wait.go:40.70,42.36 1 7
github.com/scaleway/scaleway-sdk-go/internal/async/wait.go:42.36,44.3 1 4
github.com/scaleway/scaleway-sdk-go/internal/async/wait.go:46.2,46.25 1 7
github.com/scaleway/scaleway-sdk-go/internal/async/wait.go:46.25,48.3 1 4
github.com/scaleway/scaleway-sdk-go/internal/async/wait.go:50.2,52.6 2 7
github.com/scaleway/scaleway-sdk-go/internal/async/wait.go:52.6,55.17 2 14
github.com/scaleway/scaleway-sdk-go/internal/async/wait.go:55.17,57.4 1 1
github.com/scaleway/scaleway-sdk-go/internal/async/wait.go:58.3,58.20 1 13
github.com/scaleway/scaleway-sdk-go/internal/async/wait.go:58.20,60.4 1 4
github.com/scaleway/scaleway-sdk-go/internal/async/wait.go:62.3,62.10 1 9
github.com/scaleway/scaleway-sdk-go/internal/async/wait.go:63.20,64.62 1 2
github.com/scaleway/scaleway-sdk-go/internal/async/wait.go:65.36,65.36 0 7
github.com/scaleway/scaleway-sdk-go/internal/auth/access_key.go:11.56,13.2 1 0
github.com/scaleway/scaleway-sdk-go/internal/auth/access_key.go:15.47,17.2 1 0
github.com/scaleway/scaleway-sdk-go/internal/auth/access_key.go:19.57,21.2 1 0
github.com/scaleway/scaleway-sdk-go/internal/auth/auth.go:23.56,24.47 1 0
github.com/scaleway/scaleway-sdk-go/internal/auth/auth.go:24.47,26.3 1 0
github.com/scaleway/scaleway-sdk-go/internal/auth/auth.go:28.2,28.16 1 0
github.com/scaleway/scaleway-sdk-go/internal/auth/jwt.go:17.32,19.2 1 0
github.com/scaleway/scaleway-sdk-go/internal/auth/jwt.go:22.37,26.2 3 0
github.com/scaleway/scaleway-sdk-go/internal/auth/jwt.go:28.59,31.17 2 0
github.com/scaleway/scaleway-sdk-go/internal/auth/jwt.go:31.17,33.3 1 0
github.com/scaleway/scaleway-sdk-go/internal/auth/jwt.go:35.2,35.16 1 0
github.com/scaleway/scaleway-sdk-go/internal/auth/jwt.go:40.47,42.2 1 0
github.com/scaleway/scaleway-sdk-go/internal/auth/jwt.go:44.35,45.21 1 0
github.com/scaleway/scaleway-sdk-go/internal/auth/jwt.go:45.21,47.3 1 0
github.com/scaleway/scaleway-sdk-go/internal/auth/jwt.go:49.2,50.19 2 0
github.com/scaleway/scaleway-sdk-go/internal/auth/jwt.go:50.19,52.3 1 0
github.com/scaleway/scaleway-sdk-go/internal/auth/jwt.go:54.2,54.14 1 0
github.com/scaleway/scaleway-sdk-go/internal/auth/no_auth.go:8.26,10.2 1 0
github.com/scaleway/scaleway-sdk-go/internal/auth/no_auth.go:12.40,14.2 1 0
github.com/scaleway/scaleway-sdk-go/internal/auth/no_auth.go:16.50,18.2 1 0
github.com/scaleway/scaleway-sdk-go/internal/auth/token.go:17.51,19.2 1 1
github.com/scaleway/scaleway-sdk-go/internal/auth/token.go:22.39,26.2 3 1
github.com/scaleway/scaleway-sdk-go/internal/auth/token.go:28.61,30.15 2 0
github.com/scaleway/scaleway-sdk-go/internal/auth/token.go:30.15,32.3 1 0
github.com/scaleway/scaleway-sdk-go/internal/auth/token.go:33.2,33.16 1 0
github.com/scaleway/scaleway-sdk-go/internal/auth/token.go:38.49,40.2 1 0
github.com/scaleway/scaleway-sdk-go/internal/auth/token.go:42.37,43.9 1 0
github.com/scaleway/scaleway-sdk-go/internal/auth/token.go:44.19,45.12 1 0
github.com/scaleway/scaleway-sdk-go/internal/auth/token.go:46.18,47.49 1 0
github.com/scaleway/scaleway-sdk-go/internal/auth/token.go:48.10,49.48 1 0
github.com/scaleway/scaleway-sdk-go/internal/generic/fields.go:7.45,11.35 3 5
github.com/scaleway/scaleway-sdk-go/internal/generic/fields.go:11.35,13.3 1 2
github.com/scaleway/scaleway-sdk-go/internal/generic/fields.go:15.2,16.20 2 5
github.com/scaleway/scaleway-sdk-go/internal/generic/ptr.go:5.50,6.31 1 2
github.com/scaleway/scaleway-sdk-go/internal/generic/ptr.go:6.31,8.3 1 0
github.com/scaleway/scaleway-sdk-go/internal/generic/ptr.go:10.2,10.12 1 2
github.com/scaleway/scaleway-sdk-go/internal/generic/sort.go:10.76,12.45 2 1
github.com/scaleway/scaleway-sdk-go/internal/generic/sort.go:12.45,16.3 3 2
github.com/scaleway/scaleway-sdk-go/logger/default_logger.go:24.53,27.2 2 1
github.com/scaleway/scaleway-sdk-go/logger/default_logger.go:30.41,30.75 1 0
github.com/scaleway/scaleway-sdk-go/logger/default_logger.go:32.54,34.2 1 4
github.com/scaleway/scaleway-sdk-go/logger/default_logger.go:37.40,37.73 1 0
github.com/scaleway/scaleway-sdk-go/logger/default_logger.go:39.53,41.2 1 4
github.com/scaleway/scaleway-sdk-go/logger/default_logger.go:44.43,44.79 1 0
github.com/scaleway/scaleway-sdk-go/logger/default_logger.go:46.56,48.2 1 4
github.com/scaleway/scaleway-sdk-go/logger/default_logger.go:51.41,51.75 1 0
github.com/scaleway/scaleway-sdk-go/logger/default_logger.go:53.54,55.2 1 4
github.com/scaleway/scaleway-sdk-go/logger/default_logger.go:58.37,58.71 1 0
github.com/scaleway/scaleway-sdk-go/logger/default_logger.go:60.50,62.2 1 1
github.com/scaleway/scaleway-sdk-go/logger/default_logger.go:64.36,66.12 2 7
github.com/scaleway/scaleway-sdk-go/logger/default_logger.go:66.12,68.3 1 7
github.com/scaleway/scaleway-sdk-go/logger/default_logger.go:70.2,71.16 2 0
github.com/scaleway/scaleway-sdk-go/logger/default_logger.go:71.16,73.3 1 0
github.com/scaleway/scaleway-sdk-go/logger/default_logger.go:75.2,75.14 1 0
github.com/scaleway/scaleway-sdk-go/logger/default_logger.go:80.54,85.25 5 7
github.com/scaleway/scaleway-sdk-go/logger/default_logger.go:85.25,87.3 1 0
github.com/scaleway/scaleway-sdk-go/logger/default_logger.go:88.2,88.15 1 7
github.com/scaleway/scaleway-sdk-go/logger/default_logger.go:89.21,90.13 1 2
github.com/scaleway/scaleway-sdk-go/logger/default_logger.go:91.20,92.12 1 1
github.com/scaleway/scaleway-sdk-go/logger/default_logger.go:93.23,94.15 1 3
github.com/scaleway/scaleway-sdk-go/logger/default_logger.go:95.21,96.13 1 1
github.com/scaleway/scaleway-sdk-go/logger/default_logger.go:103.2,117.33 6 7
github.com/scaleway/scaleway-sdk-go/logger/logger.go:44.26,46.2 1 0
github.com/scaleway/scaleway-sdk-go/logger/logger.go:50.24,52.2 1 1
github.com/scaleway/scaleway-sdk-go/namegenerator/name_generator.go:13.13,16.2 2 1
github.com/scaleway/scaleway-sdk-go/namegenerator/name_generator.go:851.47,852.1 1 3
github.com/scaleway/scaleway-sdk-go/namegenerator/name_generator.go:853.2,855.80 3 3
github.com/scaleway/scaleway-sdk-go/namegenerator/name_generator.go:855.80,856.13 1 0
github.com/scaleway/scaleway-sdk-go/namegenerator/name_generator.go:859.2,859.13 1 3
github.com/scaleway/scaleway-sdk-go/strcase/bash_arg.go:18.33,20.75 2 42
github.com/scaleway/scaleway-sdk-go/strcase/bash_arg.go:20.75,22.3 1 4
github.com/scaleway/scaleway-sdk-go/strcase/bash_arg.go:24.2,25.47 2 38
github.com/scaleway/scaleway-sdk-go/strcase/bash_arg.go:25.47,28.3 1 418
github.com/scaleway/scaleway-sdk-go/strcase/bash_arg.go:29.2,29.19 1 38
github.com/scaleway/scaleway-sdk-go/strcase/bash_arg.go:33.31,35.2 1 55
github.com/scaleway/scaleway-sdk-go/strcase/bash_arg.go:38.46,41.22 3 55
github.com/scaleway/scaleway-sdk-go/strcase/bash_arg.go:41.22,44.19 2 406
github.com/scaleway/scaleway-sdk-go/strcase/bash_arg.go:44.19,46.108 2 352
github.com/scaleway/scaleway-sdk-go/strcase/bash_arg.go:46.108,48.5 1 87
github.com/scaleway/scaleway-sdk-go/strcase/bash_arg.go:51.3,51.10 1 406
github.com/scaleway/scaleway-sdk-go/strcase/bash_arg.go:52.57,53.24 1 34
github.com/scaleway/scaleway-sdk-go/strcase/bash_arg.go:53.24,55.5 1 10
github.com/scaleway/scaleway-sdk-go/strcase/bash_arg.go:55.10,55.31 1 24
github.com/scaleway/scaleway-sdk-go/strcase/bash_arg.go:55.31,57.5 1 24
github.com/scaleway/scaleway-sdk-go/strcase/bash_arg.go:58.41,59.20 1 13
github.com/scaleway/scaleway-sdk-go/strcase/bash_arg.go:60.11,61.18 1 359
github.com/scaleway/scaleway-sdk-go/strcase/bash_arg.go:64.2,65.10 2 55
github.com/scaleway/scaleway-sdk-go/strcase/bash_arg.go:68.34,70.2 1 1098
github.com/scaleway/scaleway-sdk-go/strcase/bash_arg.go:72.34,74.2 1 746
github.com/scaleway/scaleway-sdk-go/strcase/camel.go:5.31,6.13 1 4
github.com/scaleway/scaleway-sdk-go/strcase/camel.go:6.13,8.3 1 1
github.com/scaleway/scaleway-sdk-go/strcase/camel.go:9.2,9.43 1 3
github.com/scaleway/scaleway-sdk-go/strcase/camel.go:9.43,11.3 1 2
github.com/scaleway/scaleway-sdk-go/strcase/camel.go:12.2,12.35 1 3
github.com/scaleway/scaleway-sdk-go/strcase/goname.go:9.38,11.2 1 84
github.com/scaleway/scaleway-sdk-go/strcase/goname.go:14.39,16.2 1 42
github.com/scaleway/scaleway-sdk-go/strcase/goname.go:19.44,24.17 3 126
github.com/scaleway/scaleway-sdk-go/strcase/goname.go:24.17,26.3 1 0
github.com/scaleway/scaleway-sdk-go/strcase/goname.go:27.2,28.25 2 126
github.com/scaleway/scaleway-sdk-go/strcase/goname.go:28.25,29.26 1 247
github.com/scaleway/scaleway-sdk-go/strcase/goname.go:29.26,31.9 2 122
github.com/scaleway/scaleway-sdk-go/strcase/goname.go:34.2,34.14 1 126
github.com/scaleway/scaleway-sdk-go/strcase/goname.go:34.14,36.3 1 4
github.com/scaleway/scaleway-sdk-go/strcase/goname.go:40.2,42.24 3 122
github.com/scaleway/scaleway-sdk-go/strcase/goname.go:42.24,44.10 2 807
github.com/scaleway/scaleway-sdk-go/strcase/goname.go:45.26,46.14 1 116
github.com/scaleway/scaleway-sdk-go/strcase/goname.go:47.26,50.50 3 78
github.com/scaleway/scaleway-sdk-go/strcase/goname.go:50.50,52.5 1 21
github.com/scaleway/scaleway-sdk-go/strcase/goname.go:53.4,53.88 1 78
github.com/scaleway/scaleway-sdk-go/strcase/goname.go:53.88,55.5 1 12
github.com/scaleway/scaleway-sdk-go/strcase/goname.go:56.4,57.32 2 78
github.com/scaleway/scaleway-sdk-go/strcase/goname.go:58.66,59.14 1 53
github.com/scaleway/scaleway-sdk-go/strcase/goname.go:61.3,62.11 2 807
github.com/scaleway/scaleway-sdk-go/strcase/goname.go:62.11,63.12 1 560
github.com/scaleway/scaleway-sdk-go/strcase/goname.go:67.3,69.27 3 247
github.com/scaleway/scaleway-sdk-go/strcase/goname.go:69.27,71.43 1 59
github.com/scaleway/scaleway-sdk-go/strcase/goname.go:71.43,73.5 1 10
github.com/scaleway/scaleway-sdk-go/strcase/goname.go:76.4,76.30 1 59
github.com/scaleway/scaleway-sdk-go/strcase/goname.go:77.9,77.63 1 188
github.com/scaleway/scaleway-sdk-go/strcase/goname.go:77.63,78.43 1 14
github.com/scaleway/scaleway-sdk-go/strcase/goname.go:78.43,80.5 1 2
github.com/scaleway/scaleway-sdk-go/strcase/goname.go:80.10,82.5 1 12
github.com/scaleway/scaleway-sdk-go/strcase/goname.go:84.4,84.30 1 14
github.com/scaleway/scaleway-sdk-go/strcase/goname.go:85.9,85.52 1 174
github.com/scaleway/scaleway-sdk-go/strcase/goname.go:85.52,88.4 1 60
github.com/scaleway/scaleway-sdk-go/strcase/goname.go:89.3,89.8 1 247
github.com/scaleway/scaleway-sdk-go/strcase/goname.go:91.2,91.22 1 122
github.com/scaleway/scaleway-sdk-go/strcase/goname.go:161.38,162.13 1 92
github.com/scaleway/scaleway-sdk-go/strcase/goname.go:162.13,164.3 1 1
github.com/scaleway/scaleway-sdk-go/strcase/goname.go:166.2,169.18 3 91
github.com/scaleway/scaleway-sdk-go/strcase/goname.go:173.40,174.13 1 5
github.com/scaleway/scaleway-sdk-go/strcase/goname.go:174.13,176.3 1 1
github.com/scaleway/scaleway-sdk-go/strcase/goname.go:178.2,183.48 5 4
github.com/scaleway/scaleway-sdk-go/strcase/goname.go:183.48,185.3 1 3
github.com/scaleway/scaleway-sdk-go/strcase/goname.go:187.2,187.18 1 4
github.com/scaleway/scaleway-sdk-go/strcase/goname.go:191.54,193.17 2 52
github.com/scaleway/scaleway-sdk-go/strcase/goname.go:193.17,195.3 1 1
github.com/scaleway/scaleway-sdk-go/strcase/goname.go:197.2,197.55 1 51
github.com/scaleway/scaleway-sdk-go/strcase/goname.go:197.55,199.55 2 34
github.com/scaleway/scaleway-sdk-go/strcase/goname.go:199.55,201.9 2 3
github.com/scaleway/scaleway-sdk-go/strcase/goname.go:204.2,206.18 2 51
github.com/scaleway/scaleway-sdk-go/strcase/kebab.go:6.31,8.2 1 17
github.com/scaleway/scaleway-sdk-go/strcase/kebab.go:11.31,13.2 1 0
github.com/scaleway/scaleway-sdk-go/strcase/number.go:12.50,16.2 3 12
github.com/scaleway/scaleway-sdk-go/strcase/pascal.go:6.55,11.22 5 12
github.com/scaleway/scaleway-sdk-go/strcase/pascal.go:11.22,12.27 1 127
github.com/scaleway/scaleway-sdk-go/strcase/pascal.go:12.27,14.4 1 7
github.com/scaleway/scaleway-sdk-go/strcase/pascal.go:15.3,15.27 1 127
github.com/scaleway/scaleway-sdk-go/strcase/pascal.go:15.27,17.4 1 6
github.com/scaleway/scaleway-sdk-go/strcase/pascal.go:18.3,18.27 1 127
github.com/scaleway/scaleway-sdk-go/strcase/pascal.go:18.27,19.15 1 98
github.com/scaleway/scaleway-sdk-go/strcase/pascal.go:19.15,21.5 1 17
github.com/scaleway/scaleway-sdk-go/strcase/pascal.go:21.10,23.5 1 81
github.com/scaleway/scaleway-sdk-go/strcase/pascal.go:25.3,25.39 1 127
github.com/scaleway/scaleway-sdk-go/strcase/pascal.go:25.39,27.4 1 16
github.com/scaleway/scaleway-sdk-go/strcase/pascal.go:27.9,29.4 1 111
github.com/scaleway/scaleway-sdk-go/strcase/pascal.go:31.2,31.10 1 12
github.com/scaleway/scaleway-sdk-go/strcase/pascal.go:34.32,36.2 1 9
github.com/scaleway/scaleway-sdk-go/strcase/snake.go:8.31,11.22 3 38
github.com/scaleway/scaleway-sdk-go/strcase/snake.go:11.22,14.19 2 321
github.com/scaleway/scaleway-sdk-go/strcase/snake.go:14.19,16.108 2 285
github.com/scaleway/scaleway-sdk-go/strcase/snake.go:16.108,18.5 1 59
github.com/scaleway/scaleway-sdk-go/strcase/snake.go:21.3,21.10 1 321
github.com/scaleway/scaleway-sdk-go/strcase/snake.go:22.57,23.24 1 21
github.com/scaleway/scaleway-sdk-go/strcase/snake.go:23.24,25.5 1 4
github.com/scaleway/scaleway-sdk-go/strcase/snake.go:25.10,25.31 1 17
github.com/scaleway/scaleway-sdk-go/strcase/snake.go:25.31,27.5 1 17
github.com/scaleway/scaleway-sdk-go/strcase/snake.go:28.29,29.12 1 11
github.com/scaleway/scaleway-sdk-go/strcase/snake.go:30.11,31.18 1 289
github.com/scaleway/scaleway-sdk-go/strcase/snake.go:34.2,35.10 2 38
github.com/scaleway/scaleway-sdk-go/scw/client.go:47.38,53.2 1 16
github.com/scaleway/scaleway-sdk-go/scw/client.go:59.55,67.50 3 16
github.com/scaleway/scaleway-sdk-go/scw/client.go:67.50,69.3 1 2
github.com/scaleway/scaleway-sdk-go/scw/client.go:72.2,73.16 2 16
github.com/scaleway/scaleway-sdk-go/scw/client.go:73.16,75.3 1 1
github.com/scaleway/scaleway-sdk-go/scw/client.go:78.2,78.25 1 15
github.com/scaleway/scaleway-sdk-go/scw/client.go:78.25,80.3 1 12
github.com/scaleway/scaleway-sdk-go/scw/client.go:83.2,83.16 1 15
github.com/scaleway/scaleway-sdk-go/scw/client.go:83.16,86.3 2 8
github.com/scaleway/scaleway-sdk-go/scw/client.go:88.2,88.44 1 15
github.com/scaleway/scaleway-sdk-go/scw/client.go:88.44,91.3 2 10
github.com/scaleway/scaleway-sdk-go/scw/client.go:93.2,106.8 2 15
github.com/scaleway/scaleway-sdk-go/scw/client.go:113.56,114.38 1 1
github.com/scaleway/scaleway-sdk-go/scw/client.go:114.38,116.3 1 0
github.com/scaleway/scaleway-sdk-go/scw/client.go:118.2,124.16 3 1
github.com/scaleway/scaleway-sdk-go/scw/client.go:124.16,126.3 1 1
github.com/scaleway/scaleway-sdk-go/scw/client.go:127.2,127.27 1 0
github.com/scaleway/scaleway-sdk-go/scw/client.go:133.82,134.36 1 2
github.com/scaleway/scaleway-sdk-go/scw/client.go:134.36,136.3 1 2
github.com/scaleway/scaleway-sdk-go/scw/client.go:137.2,137.18 1 0
github.com/scaleway/scaleway-sdk-go/scw/client.go:143.72,144.31 1 2
github.com/scaleway/scaleway-sdk-go/scw/client.go:144.31,146.3 1 2
github.com/scaleway/scaleway-sdk-go/scw/client.go:147.2,147.18 1 0
github.com/scaleway/scaleway-sdk-go/scw/client.go:153.66,154.28 1 2
github.com/scaleway/scaleway-sdk-go/scw/client.go:154.28,156.3 1 2
github.com/scaleway/scaleway-sdk-go/scw/client.go:157.2,157.26 1 0
github.com/scaleway/scaleway-sdk-go/scw/client.go:163.60,164.26 1 2
github.com/scaleway/scaleway-sdk-go/scw/client.go:164.26,166.3 1 2
github.com/scaleway/scaleway-sdk-go/scw/client.go:167.2,167.24 1 0
github.com/scaleway/scaleway-sdk-go/scw/client.go:170.65,171.53 1 4
github.com/scaleway/scaleway-sdk-go/scw/client.go:171.53,173.3 1 2
github.com/scaleway/scaleway-sdk-go/scw/client.go:174.2,174.18 1 2
github.com/scaleway/scaleway-sdk-go/scw/client.go:177.65,178.53 1 4
github.com/scaleway/scaleway-sdk-go/scw/client.go:178.53,180.3 1 2
github.com/scaleway/scaleway-sdk-go/scw/client.go:180.8,180.76 1 2
github.com/scaleway/scaleway-sdk-go/scw/client.go:180.76,182.3 1 1
github.com/scaleway/scaleway-sdk-go/scw/client.go:184.2,184.18 1 1
github.com/scaleway/scaleway-sdk-go/scw/client.go:190.67,191.24 1 0
github.com/scaleway/scaleway-sdk-go/scw/client.go:191.24,193.3 1 0
github.com/scaleway/scaleway-sdk-go/scw/client.go:195.2,195.18 1 0
github.com/scaleway/scaleway-sdk-go/scw/client.go:201.70,202.30 1 2
github.com/scaleway/scaleway-sdk-go/scw/client.go:202.30,204.3 1 1
github.com/scaleway/scaleway-sdk-go/scw/client.go:205.2,205.17 1 1
github.com/scaleway/scaleway-sdk-go/scw/client.go:210.87,216.16 3 1
github.com/scaleway/scaleway-sdk-go/scw/client.go:216.16,218.3 1 0
github.com/scaleway/scaleway-sdk-go/scw/client.go:220.2,220.21 1 1
github.com/scaleway/scaleway-sdk-go/scw/client.go:220.21,222.3 1 1
github.com/scaleway/scaleway-sdk-go/scw/client.go:224.2,224.22 1 1
github.com/scaleway/scaleway-sdk-go/scw/client.go:224.22,226.3 1 0
github.com/scaleway/scaleway-sdk-go/scw/client.go:227.2,227.24 1 1
github.com/scaleway/scaleway-sdk-go/scw/client.go:227.24,229.3 1 0
github.com/scaleway/scaleway-sdk-go/scw/client.go:231.2,231.18 1 1
github.com/scaleway/scaleway-sdk-go/scw/client.go:231.18,233.3 1 0
github.com/scaleway/scaleway-sdk-go/scw/client.go:235.2,235.23 1 1
github.com/scaleway/scaleway-sdk-go/scw/client.go:239.67,240.16 1 1
github.com/scaleway/scaleway-sdk-go/scw/client.go:240.16,242.3 1 0
github.com/scaleway/scaleway-sdk-go/scw/client.go:245.2,246.19 2 1
github.com/scaleway/scaleway-sdk-go/scw/client.go:246.19,248.3 1 0
github.com/scaleway/scaleway-sdk-go/scw/client.go:249.2,253.16 3 1
github.com/scaleway/scaleway-sdk-go/scw/client.go:253.16,255.3 1 1
github.com/scaleway/scaleway-sdk-go/scw/client.go:256.2,257.16 2 1
github.com/scaleway/scaleway-sdk-go/scw/client.go:257.16,259.3 1 0
github.com/scaleway/scaleway-sdk-go/scw/client.go:261.2,265.16 3 1
github.com/scaleway/scaleway-sdk-go/scw/client.go:265.16,267.3 1 1
github.com/scaleway/scaleway-sdk-go/scw/client.go:269.2,269.15 1 0
github.com/scaleway/scaleway-sdk-go/scw/client.go:269.15,271.39 2 0
github.com/scaleway/scaleway-sdk-go/scw/client.go:271.39,273.4 1 0
github.com/scaleway/scaleway-sdk-go/scw/client.go:276.2,277.19 2 0
github.com/scaleway/scaleway-sdk-go/scw/client.go:277.19,279.3 1 0
github.com/scaleway/scaleway-sdk-go/scw/client.go:281.2,281.51 1 0
github.com/scaleway/scaleway-sdk-go/scw/client.go:281.51,284.57 2 0
github.com/scaleway/scaleway-sdk-go/scw/client.go:284.57,286.18 2 0
github.com/scaleway/scaleway-sdk-go/scw/client.go:286.18,288.5 1 0
github.com/scaleway/scaleway-sdk-go/scw/client.go:289.9,291.17 2 0
github.com/scaleway/scaleway-sdk-go/scw/client.go:291.17,293.5 1 0
github.com/scaleway/scaleway-sdk-go/scw/client.go:295.4,296.18 2 0
github.com/scaleway/scaleway-sdk-go/scw/client.go:296.18,298.5 1 0
github.com/scaleway/scaleway-sdk-go/scw/client.go:302.3,303.97 2 0
github.com/scaleway/scaleway-sdk-go/scw/client.go:303.97,305.18 2 0
github.com/scaleway/scaleway-sdk-go/scw/client.go:305.18,307.5 1 0
github.com/scaleway/scaleway-sdk-go/scw/client.go:308.4,308.54 1 0
github.com/scaleway/scaleway-sdk-go/scw/client.go:312.2,312.12 1 0
github.com/scaleway/scaleway-sdk-go/scw/client.go:331.40,332.41 1 0
github.com/scaleway/scaleway-sdk-go/scw/client.go:332.41,334.3 1 0
github.com/scaleway/scaleway-sdk-go/scw/client.go:335.2,335.49 1 0
github.com/scaleway/scaleway-sdk-go/scw/client.go:335.49,337.3 1 0
github.com/scaleway/scaleway-sdk-go/scw/client.go:338.2,338.93 1 0
github.com/scaleway/scaleway-sdk-go/scw/client.go:341.56,342.44 1 0
github.com/scaleway/scaleway-sdk-go/scw/client.go:342.44,344.3 1 0
github.com/scaleway/scaleway-sdk-go/scw/client.go:344.8,344.59 1 0
github.com/scaleway/scaleway-sdk-go/scw/client.go:344.59,347.3 2 0
github.com/scaleway/scaleway-sdk-go/scw/client.go:349.2,349.96 1 0
github.com/scaleway/scaleway-sdk-go/scw/client.go:352.27,353.18 1 0
github.com/scaleway/scaleway-sdk-go/scw/client.go:354.14,355.14 1 0
github.com/scaleway/scaleway-sdk-go/scw/client.go:356.16,357.14 1 0
github.com/scaleway/scaleway-sdk-go/scw/client.go:358.10,359.15 1 0
github.com/scaleway/scaleway-sdk-go/scw/client.go:366.71,368.19 1 0
github.com/scaleway/scaleway-sdk-go/scw/client.go:368.19,370.52 2 0
github.com/scaleway/scaleway-sdk-go/scw/client.go:370.52,377.18 4 0
github.com/scaleway/scaleway-sdk-go/scw/client.go:377.18,379.5 1 0
github.com/scaleway/scaleway-sdk-go/scw/client.go:382.4,383.18 2 0
github.com/scaleway/scaleway-sdk-go/scw/client.go:383.18,385.5 1 0
github.com/scaleway/scaleway-sdk-go/scw/client.go:387.4,387.21 1 0
github.com/scaleway/scaleway-sdk-go/scw/client.go:387.21,389.5 1 0
github.com/scaleway/scaleway-sdk-go/scw/client.go:392.4,392.33 1 0
github.com/scaleway/scaleway-sdk-go/scw/client.go:392.33,395.5 2 0
github.com/scaleway/scaleway-sdk-go/scw/client.go:397.3,397.13 1 0
github.com/scaleway/scaleway-sdk-go/scw/client.go:400.2,400.58 1 0
github.com/scaleway/scaleway-sdk-go/scw/client.go:405.99,407.43 2 0
github.com/scaleway/scaleway-sdk-go/scw/client.go:407.43,409.3 1 0
github.com/scaleway/scaleway-sdk-go/scw/client.go:411.2,416.38 5 0
github.com/scaleway/scaleway-sdk-go/scw/client.go:416.38,417.28 1 0
github.com/scaleway/scaleway-sdk-go/scw/client.go:417.28,428.18 7 0
github.com/scaleway/scaleway-sdk-go/scw/client.go:428.18,430.5 1 0
github.com/scaleway/scaleway-sdk-go/scw/client.go:431.4,434.18 4 0
github.com/scaleway/scaleway-sdk-go/scw/client.go:434.18,436.5 1 0
github.com/scaleway/scaleway-sdk-go/scw/client.go:439.2,442.6 2 0
github.com/scaleway/scaleway-sdk-go/scw/client.go:442.6,443.10 1 0
github.com/scaleway/scaleway-sdk-go/scw/client.go:444.28,445.48 1 0
github.com/scaleway/scaleway-sdk-go/scw/client.go:446.11,447.11 1 0
github.com/scaleway/scaleway-sdk-go/scw/client.go:450.2,451.16 2 0
github.com/scaleway/scaleway-sdk-go/scw/client.go:451.16,453.3 1 0
github.com/scaleway/scaleway-sdk-go/scw/client.go:454.2,454.12 1 0
github.com/scaleway/scaleway-sdk-go/scw/client.go:459.87,460.19 1 0
github.com/scaleway/scaleway-sdk-go/scw/client.go:460.19,462.33 1 0
github.com/scaleway/scaleway-sdk-go/scw/client.go:462.33,463.48 1 0
github.com/scaleway/scaleway-sdk-go/scw/client.go:463.48,465.10 2 0
github.com/scaleway/scaleway-sdk-go/scw/client.go:468.3,468.48 1 0
github.com/scaleway/scaleway-sdk-go/scw/client.go:468.48,470.4 1 0
github.com/scaleway/scaleway-sdk-go/scw/client.go:471.3,472.30 2 0
github.com/scaleway/scaleway-sdk-go/scw/client.go:472.30,474.4 1 0
github.com/scaleway/scaleway-sdk-go/scw/client.go:476.3,477.17 2 0
github.com/scaleway/scaleway-sdk-go/scw/client.go:477.17,479.4 1 0
github.com/scaleway/scaleway-sdk-go/scw/client.go:481.3,482.13 2 0
github.com/scaleway/scaleway-sdk-go/scw/client.go:485.2,485.58 1 0
github.com/scaleway/scaleway-sdk-go/scw/client.go:490.93,491.19 1 0
github.com/scaleway/scaleway-sdk-go/scw/client.go:491.19,493.37 1 0
github.com/scaleway/scaleway-sdk-go/scw/client.go:493.37,494.50 1 0
github.com/scaleway/scaleway-sdk-go/scw/client.go:494.50,496.10 2 0
github.com/scaleway/scaleway-sdk-go/scw/client.go:499.3,499.48 1 0
github.com/scaleway/scaleway-sdk-go/scw/client.go:499.48,501.4 1 0
github.com/scaleway/scaleway-sdk-go/scw/client.go:502.3,503.34 2 0
github.com/scaleway/scaleway-sdk-go/scw/client.go:503.34,505.4 1 0
github.com/scaleway/scaleway-sdk-go/scw/client.go:507.3,508.17 2 0
github.com/scaleway/scaleway-sdk-go/scw/client.go:508.17,510.4 1 0
github.com/scaleway/scaleway-sdk-go/scw/client.go:512.3,513.13 2 0
github.com/scaleway/scaleway-sdk-go/scw/client.go:516.2,516.58 1 0
github.com/scaleway/scaleway-sdk-go/scw/client.go:520.47,521.37 1 0
github.com/scaleway/scaleway-sdk-go/scw/client.go:521.37,523.3 1 0
github.com/scaleway/scaleway-sdk-go/scw/client.go:525.2,526.29 2 0
github.com/scaleway/scaleway-sdk-go/scw/client.go:526.29,528.3 1 0
github.com/scaleway/scaleway-sdk-go/scw/client.go:529.2,529.66 1 0
github.com/scaleway/scaleway-sdk-go/scw/client.go:529.66,531.3 1 0
github.com/scaleway/scaleway-sdk-go/scw/client.go:535.53,536.39 1 0
github.com/scaleway/scaleway-sdk-go/scw/client.go:536.39,538.3 1 0
github.com/scaleway/scaleway-sdk-go/scw/client.go:540.2,541.33 2 0
github.com/scaleway/scaleway-sdk-go/scw/client.go:541.33,543.3 1 0
github.com/scaleway/scaleway-sdk-go/scw/client.go:544.2,544.68 1 0
github.com/scaleway/scaleway-sdk-go/scw/client.go:544.68,546.3 1 0
github.com/scaleway/scaleway-sdk-go/scw/client.go:550.49,560.31 3 0
github.com/scaleway/scaleway-sdk-go/scw/client.go:560.31,561.41 1 0
github.com/scaleway/scaleway-sdk-go/scw/client.go:561.41,564.4 2 0
github.com/scaleway/scaleway-sdk-go/scw/client.go:569.55,579.31 3 0
github.com/scaleway/scaleway-sdk-go/scw/client.go:579.31,580.41 1 0
github.com/scaleway/scaleway-sdk-go/scw/client.go:580.41,583.4 2 0
github.com/scaleway/scaleway-sdk-go/scw/client.go:588.37,591.2 1 1
github.com/scaleway/scaleway-sdk-go/scw/client.go:593.35,598.2 1 13
github.com/scaleway/scaleway-sdk-go/scw/client.go:600.36,602.9 2 11
github.com/scaleway/scaleway-sdk-go/scw/client.go:602.9,605.3 2 1
github.com/scaleway/scaleway-sdk-go/scw/client.go:607.2,610.8 2 10
github.com/scaleway/scaleway-sdk-go/scw/client.go:610.8,613.3 2 1
github.com/scaleway/scaleway-sdk-go/scw/client.go:615.2,616.9 2 9
github.com/scaleway/scaleway-sdk-go/scw/client.go:616.9,619.3 2 1
github.com/scaleway/scaleway-sdk-go/scw/client.go:620.2,620.44 1 8
github.com/scaleway/scaleway-sdk-go/scw/client.go:620.44,622.3 1 0
github.com/scaleway/scaleway-sdk-go/scw/client.go:623.2,623.59 1 8
github.com/scaleway/scaleway-sdk-go/scw/client.go:626.38,628.9 2 10
github.com/scaleway/scaleway-sdk-go/scw/client.go:628.9,631.3 2 0
github.com/scaleway/scaleway-sdk-go/scw/client.go:635.2,636.15 2 10
github.com/scaleway/scaleway-sdk-go/scw/client.go:636.15,638.3 1 9
github.com/scaleway/scaleway-sdk-go/scw/client_option.go:21.57,22.27 1 3
github.com/scaleway/scaleway-sdk-go/scw/client_option.go:22.27,24.3 1 3
github.com/scaleway/scaleway-sdk-go/scw/client_option.go:28.33,29.27 1 16
github.com/scaleway/scaleway-sdk-go/scw/client_option.go:29.27,31.3 1 16
github.com/scaleway/scaleway-sdk-go/scw/client_option.go:35.57,36.27 1 1
github.com/scaleway/scaleway-sdk-go/scw/client_option.go:36.27,38.3 1 1
github.com/scaleway/scaleway-sdk-go/scw/client_option.go:42.41,43.27 1 0
github.com/scaleway/scaleway-sdk-go/scw/client_option.go:43.27,45.3 1 0
github.com/scaleway/scaleway-sdk-go/scw/client_option.go:49.45,50.27 1 17
github.com/scaleway/scaleway-sdk-go/scw/client_option.go:50.27,52.3 1 17
github.com/scaleway/scaleway-sdk-go/scw/client_option.go:56.53,57.27 1 4
github.com/scaleway/scaleway-sdk-go/scw/client_option.go:57.27,59.3 1 4
github.com/scaleway/scaleway-sdk-go/scw/client_option.go:63.34,64.27 1 7
github.com/scaleway/scaleway-sdk-go/scw/client_option.go:64.27,66.3 1 7
github.com/scaleway/scaleway-sdk-go/scw/client_option.go:70.44,71.27 1 0
github.com/scaleway/scaleway-sdk-go/scw/client_option.go:71.27,72.36 1 0
github.com/scaleway/scaleway-sdk-go/scw/client_option.go:72.36,74.4 1 0
github.com/scaleway/scaleway-sdk-go/scw/client_option.go:75.3,75.20 1 0
github.com/scaleway/scaleway-sdk-go/scw/client_option.go:80.51,81.27 1 16
github.com/scaleway/scaleway-sdk-go/scw/client_option.go:81.27,83.3 1 16
github.com/scaleway/scaleway-sdk-go/scw/client_option.go:87.43,88.27 1 6
github.com/scaleway/scaleway-sdk-go/scw/client_option.go:88.27,90.25 2 6
github.com/scaleway/scaleway-sdk-go/scw/client_option.go:90.25,93.4 2 6
github.com/scaleway/scaleway-sdk-go/scw/client_option.go:95.3,95.25 1 6
github.com/scaleway/scaleway-sdk-go/scw/client_option.go:95.25,97.4 1 5
github.com/scaleway/scaleway-sdk-go/scw/client_option.go:99.3,99.22 1 6
github.com/scaleway/scaleway-sdk-go/scw/client_option.go:99.22,101.4 1 5
github.com/scaleway/scaleway-sdk-go/scw/client_option.go:103.3,103.26 1 6
github.com/scaleway/scaleway-sdk-go/scw/client_option.go:103.26,105.4 1 3
github.com/scaleway/scaleway-sdk-go/scw/client_option.go:107.3,107.24 1 6
github.com/scaleway/scaleway-sdk-go/scw/client_option.go:107.24,109.4 1 3
github.com/scaleway/scaleway-sdk-go/scw/client_option.go:111.3,111.37 1 6
github.com/scaleway/scaleway-sdk-go/scw/client_option.go:111.37,114.4 2 5
github.com/scaleway/scaleway-sdk-go/scw/client_option.go:116.3,116.32 1 6
github.com/scaleway/scaleway-sdk-go/scw/client_option.go:116.32,119.4 2 5
github.com/scaleway/scaleway-sdk-go/scw/client_option.go:121.3,121.29 1 6
github.com/scaleway/scaleway-sdk-go/scw/client_option.go:121.29,124.4 2 5
github.com/scaleway/scaleway-sdk-go/scw/client_option.go:126.3,126.27 1 6
github.com/scaleway/scaleway-sdk-go/scw/client_option.go:126.27,129.4 2 5
github.com/scaleway/scaleway-sdk-go/scw/client_option.go:134.29,136.2 1 2
github.com/scaleway/scaleway-sdk-go/scw/client_option.go:141.68,142.27 1 1
github.com/scaleway/scaleway-sdk-go/scw/client_option.go:142.27,144.3 1 1
github.com/scaleway/scaleway-sdk-go/scw/client_option.go:150.58,151.27 1 1
github.com/scaleway/scaleway-sdk-go/scw/client_option.go:151.27,153.3 1 1
github.com/scaleway/scaleway-sdk-go/scw/client_option.go:159.52,160.27 1 4
github.com/scaleway/scaleway-sdk-go/scw/client_option.go:160.27,162.3 1 4
github.com/scaleway/scaleway-sdk-go/scw/client_option.go:168.46,169.27 1 1
github.com/scaleway/scaleway-sdk-go/scw/client_option.go:169.27,171.3 1 1
github.com/scaleway/scaleway-sdk-go/scw/client_option.go:177.56,178.27 1 1
github.com/scaleway/scaleway-sdk-go/scw/client_option.go:178.27,180.3 1 1
github.com/scaleway/scaleway-sdk-go/scw/client_option.go:198.30,200.2 1 31
github.com/scaleway/scaleway-sdk-go/scw/client_option.go:202.47,203.27 1 31
github.com/scaleway/scaleway-sdk-go/scw/client_option.go:203.27,205.3 1 93
github.com/scaleway/scaleway-sdk-go/scw/client_option.go:208.37,210.20 1 31
github.com/scaleway/scaleway-sdk-go/scw/client_option.go:210.20,212.53 1 0
github.com/scaleway/scaleway-sdk-go/scw/client_option.go:214.2,214.54 1 31
github.com/scaleway/scaleway-sdk-go/scw/client_option.go:214.54,215.28 1 19
github.com/scaleway/scaleway-sdk-go/scw/client_option.go:215.28,217.4 1 1
github.com/scaleway/scaleway-sdk-go/scw/client_option.go:218.3,218.47 1 18
github.com/scaleway/scaleway-sdk-go/scw/client_option.go:218.47,220.4 1 1
github.com/scaleway/scaleway-sdk-go/scw/client_option.go:221.3,221.28 1 17
github.com/scaleway/scaleway-sdk-go/scw/client_option.go:221.28,223.4 1 1
github.com/scaleway/scaleway-sdk-go/scw/client_option.go:224.3,224.47 1 16
github.com/scaleway/scaleway-sdk-go/scw/client_option.go:224.47,226.4 1 1
github.com/scaleway/scaleway-sdk-go/scw/client_option.go:230.2,230.36 1 27
github.com/scaleway/scaleway-sdk-go/scw/client_option.go:230.36,231.37 1 7
github.com/scaleway/scaleway-sdk-go/scw/client_option.go:231.37,233.4 1 1
github.com/scaleway/scaleway-sdk-go/scw/client_option.go:234.3,234.61 1 6
github.com/scaleway/scaleway-sdk-go/scw/client_option.go:234.61,236.4 1 1
github.com/scaleway/scaleway-sdk-go/scw/client_option.go:240.2,240.31 1 25
github.com/scaleway/scaleway-sdk-go/scw/client_option.go:240.31,241.32 1 7
github.com/scaleway/scaleway-sdk-go/scw/client_option.go:241.32,243.4 1 1
github.com/scaleway/scaleway-sdk-go/scw/client_option.go:244.3,244.51 1 6
github.com/scaleway/scaleway-sdk-go/scw/client_option.go:244.51,246.4 1 1
github.com/scaleway/scaleway-sdk-go/scw/client_option.go:250.2,250.28 1 23
github.com/scaleway/scaleway-sdk-go/scw/client_option.go:250.28,251.29 1 10
github.com/scaleway/scaleway-sdk-go/scw/client_option.go:251.29,253.4 1 1
github.com/scaleway/scaleway-sdk-go/scw/client_option.go:254.3,254.53 1 9
github.com/scaleway/scaleway-sdk-go/scw/client_option.go:254.53,256.33 2 1
github.com/scaleway/scaleway-sdk-go/scw/client_option.go:256.33,258.5 1 4
github.com/scaleway/scaleway-sdk-go/scw/client_option.go:259.4,259.150 1 1
github.com/scaleway/scaleway-sdk-go/scw/client_option.go:264.2,264.26 1 21
github.com/scaleway/scaleway-sdk-go/scw/client_option.go:264.26,265.27 1 7
github.com/scaleway/scaleway-sdk-go/scw/client_option.go:265.27,267.4 1 1
github.com/scaleway/scaleway-sdk-go/scw/client_option.go:268.3,268.49 1 6
github.com/scaleway/scaleway-sdk-go/scw/client_option.go:268.49,270.31 2 1
github.com/scaleway/scaleway-sdk-go/scw/client_option.go:270.31,272.5 1 10
github.com/scaleway/scaleway-sdk-go/scw/client_option.go:273.4,273.142 1 1
github.com/scaleway/scaleway-sdk-go/scw/client_option.go:278.2,278.33 1 19
github.com/scaleway/scaleway-sdk-go/scw/client_option.go:278.33,280.3 1 2
github.com/scaleway/scaleway-sdk-go/scw/client_option.go:281.2,281.39 1 17
github.com/scaleway/scaleway-sdk-go/scw/client_option.go:281.39,283.3 1 0
github.com/scaleway/scaleway-sdk-go/scw/client_option.go:286.2,286.24 1 17
github.com/scaleway/scaleway-sdk-go/scw/client_option.go:286.24,287.38 1 10
github.com/scaleway/scaleway-sdk-go/scw/client_option.go:287.38,289.4 1 0
github.com/scaleway/scaleway-sdk-go/scw/client_option.go:290.3,290.48 1 10
github.com/scaleway/scaleway-sdk-go/scw/client_option.go:290.48,292.4 1 1
github.com/scaleway/scaleway-sdk-go/scw/client_option.go:297.2,297.12 1 16
github.com/scaleway/scaleway-sdk-go/scw/config.go:136.35,141.2 4 1
github.com/scaleway/scaleway-sdk-go/scw/config.go:144.34,149.2 4 3
github.com/scaleway/scaleway-sdk-go/scw/config.go:151.34,154.32 3 3
github.com/scaleway/scaleway-sdk-go/scw/config.go:154.32,155.15 1 3
github.com/scaleway/scaleway-sdk-go/scw/config.go:155.15,156.12 1 1
github.com/scaleway/scaleway-sdk-go/scw/config.go:158.3,158.43 1 2
github.com/scaleway/scaleway-sdk-go/scw/config.go:161.2,162.26 2 3
github.com/scaleway/scaleway-sdk-go/scw/config.go:165.33,167.2 1 1
github.com/scaleway/scaleway-sdk-go/scw/config.go:169.41,170.16 1 6
github.com/scaleway/scaleway-sdk-go/scw/config.go:170.16,172.3 1 2
github.com/scaleway/scaleway-sdk-go/scw/config.go:174.2,175.16 2 4
github.com/scaleway/scaleway-sdk-go/scw/config.go:178.55,182.16 3 23
github.com/scaleway/scaleway-sdk-go/scw/config.go:182.16,184.3 1 2
github.com/scaleway/scaleway-sdk-go/scw/config.go:185.2,185.21 1 21
github.com/scaleway/scaleway-sdk-go/scw/config.go:189.31,191.16 2 2
github.com/scaleway/scaleway-sdk-go/scw/config.go:191.16,192.13 1 0
github.com/scaleway/scaleway-sdk-go/scw/config.go:194.2,194.10 1 2
github.com/scaleway/scaleway-sdk-go/scw/config.go:198.36,204.39 3 20
github.com/scaleway/scaleway-sdk-go/scw/config.go:204.39,206.101 2 14
github.com/scaleway/scaleway-sdk-go/scw/config.go:206.101,210.86 3 2
github.com/scaleway/scaleway-sdk-go/scw/config.go:210.86,212.5 1 1
github.com/scaleway/scaleway-sdk-go/scw/config.go:216.2,216.17 1 19
github.com/scaleway/scaleway-sdk-go/scw/config.go:220.55,222.24 2 24
github.com/scaleway/scaleway-sdk-go/scw/config.go:222.24,224.3 1 4
github.com/scaleway/scaleway-sdk-go/scw/config.go:225.2,225.16 1 20
github.com/scaleway/scaleway-sdk-go/scw/config.go:225.16,227.3 1 0
github.com/scaleway/scaleway-sdk-go/scw/config.go:229.2,230.16 2 20
github.com/scaleway/scaleway-sdk-go/scw/config.go:230.16,232.3 1 1
github.com/scaleway/scaleway-sdk-go/scw/config.go:234.2,235.16 2 19
github.com/scaleway/scaleway-sdk-go/scw/config.go:235.16,237.3 1 2
github.com/scaleway/scaleway-sdk-go/scw/config.go:239.2,239.20 1 17
github.com/scaleway/scaleway-sdk-go/scw/config.go:243.67,244.23 1 6
github.com/scaleway/scaleway-sdk-go/scw/config.go:244.23,246.3 1 0
github.com/scaleway/scaleway-sdk-go/scw/config.go:248.2,248.39 1 6
github.com/scaleway/scaleway-sdk-go/scw/config.go:248.39,250.3 1 0
github.com/scaleway/scaleway-sdk-go/scw/config.go:252.2,253.12 2 6
github.com/scaleway/scaleway-sdk-go/scw/config.go:253.12,255.3 1 1
github.com/scaleway/scaleway-sdk-go/scw/config.go:258.2,258.42 1 5
github.com/scaleway/scaleway-sdk-go/scw/config.go:263.55,264.9 1 16
github.com/scaleway/scaleway-sdk-go/scw/config.go:265.44,267.54 2 3
github.com/scaleway/scaleway-sdk-go/scw/config.go:268.30,270.40 2 3
github.com/scaleway/scaleway-sdk-go/scw/config.go:271.10,272.25 1 10
github.com/scaleway/scaleway-sdk-go/scw/config.go:278.31,280.2 1 4
github.com/scaleway/scaleway-sdk-go/scw/config.go:283.48,285.16 2 11
github.com/scaleway/scaleway-sdk-go/scw/config.go:285.16,287.3 1 0
github.com/scaleway/scaleway-sdk-go/scw/config.go:289.2,291.16 3 11
github.com/scaleway/scaleway-sdk-go/scw/config.go:291.16,293.3 1 0
github.com/scaleway/scaleway-sdk-go/scw/config.go:295.2,295.26 1 11
github.com/scaleway/scaleway-sdk-go/scw/config.go:300.44,305.16 3 4
github.com/scaleway/scaleway-sdk-go/scw/config.go:305.16,307.3 1 0
github.com/scaleway/scaleway-sdk-go/scw/config.go:310.2,311.16 2 4
github.com/scaleway/scaleway-sdk-go/scw/config.go:311.16,313.3 1 0
github.com/scaleway/scaleway-sdk-go/scw/config.go:316.2,317.16 2 4
github.com/scaleway/scaleway-sdk-go/scw/config.go:317.16,319.3 1 0
github.com/scaleway/scaleway-sdk-go/scw/config.go:321.2,321.12 1 4
github.com/scaleway/scaleway-sdk-go/scw/config.go:325.68,339.31 2 6
github.com/scaleway/scaleway-sdk-go/scw/config.go:339.31,340.29 1 7
github.com/scaleway/scaleway-sdk-go/scw/config.go:340.29,342.4 1 6
github.com/scaleway/scaleway-sdk-go/scw/config.go:343.3,343.29 1 7
github.com/scaleway/scaleway-sdk-go/scw/config.go:343.29,345.4 1 5
github.com/scaleway/scaleway-sdk-go/scw/config.go:346.3,346.26 1 7
github.com/scaleway/scaleway-sdk-go/scw/config.go:346.26,348.4 1 3
github.com/scaleway/scaleway-sdk-go/scw/config.go:349.3,349.30 1 7
github.com/scaleway/scaleway-sdk-go/scw/config.go:349.30,351.4 1 3
github.com/scaleway/scaleway-sdk-go/scw/config.go:352.3,352.28 1 7
github.com/scaleway/scaleway-sdk-go/scw/config.go:352.28,354.4 1 5
github.com/scaleway/scaleway-sdk-go/scw/config.go:355.3,355.41 1 7
github.com/scaleway/scaleway-sdk-go/scw/config.go:355.41,357.4 1 3
github.com/scaleway/scaleway-sdk-go/scw/config.go:358.3,358.36 1 7
github.com/scaleway/scaleway-sdk-go/scw/config.go:358.36,360.4 1 3
github.com/scaleway/scaleway-sdk-go/scw/config.go:361.3,361.33 1 7
github.com/scaleway/scaleway-sdk-go/scw/config.go:361.33,363.4 1 3
github.com/scaleway/scaleway-sdk-go/scw/config.go:364.3,364.31 1 7
github.com/scaleway/scaleway-sdk-go/scw/config.go:364.31,366.4 1 4
github.com/scaleway/scaleway-sdk-go/scw/config.go:367.3,367.33 1 7
github.com/scaleway/scaleway-sdk-go/scw/config.go:367.33,369.4 1 2
github.com/scaleway/scaleway-sdk-go/scw/config.go:372.2,372.11 1 6
github.com/scaleway/scaleway-sdk-go/scw/convert.go:9.34,11.2 1 13
github.com/scaleway/scaleway-sdk-go/scw/convert.go:15.45,17.32 2 1
github.com/scaleway/scaleway-sdk-go/scw/convert.go:17.32,19.3 1 1
github.com/scaleway/scaleway-sdk-go/scw/convert.go:20.2,20.12 1 1
github.com/scaleway/scaleway-sdk-go/scw/convert.go:24.39,26.2 1 1
github.com/scaleway/scaleway-sdk-go/scw/convert.go:30.50,32.32 2 0
github.com/scaleway/scaleway-sdk-go/scw/convert.go:32.32,34.3 1 0
github.com/scaleway/scaleway-sdk-go/scw/convert.go:35.2,35.12 1 0
github.com/scaleway/scaleway-sdk-go/scw/convert.go:39.33,41.2 1 1
github.com/scaleway/scaleway-sdk-go/scw/convert.go:45.44,47.32 2 1
github.com/scaleway/scaleway-sdk-go/scw/convert.go:47.32,49.3 1 1
github.com/scaleway/scaleway-sdk-go/scw/convert.go:50.2,50.12 1 1
github.com/scaleway/scaleway-sdk-go/scw/convert.go:54.28,56.2 1 4
github.com/scaleway/scaleway-sdk-go/scw/convert.go:60.39,62.32 2 1
github.com/scaleway/scaleway-sdk-go/scw/convert.go:62.32,64.3 1 1
github.com/scaleway/scaleway-sdk-go/scw/convert.go:65.2,65.12 1 1
github.com/scaleway/scaleway-sdk-go/scw/convert.go:69.31,71.2 1 1
github.com/scaleway/scaleway-sdk-go/scw/convert.go:75.42,77.32 2 1
github.com/scaleway/scaleway-sdk-go/scw/convert.go:77.32,79.3 1 1
github.com/scaleway/scaleway-sdk-go/scw/convert.go:80.2,80.12 1 1
github.com/scaleway/scaleway-sdk-go/scw/convert.go:84.31,86.2 1 1
github.com/scaleway/scaleway-sdk-go/scw/convert.go:90.42,92.32 2 1
github.com/scaleway/scaleway-sdk-go/scw/convert.go:92.32,94.3 1 1
github.com/scaleway/scaleway-sdk-go/scw/convert.go:95.2,95.12 1 1
github.com/scaleway/scaleway-sdk-go/scw/convert.go:99.34,101.2 1 1
github.com/scaleway/scaleway-sdk-go/scw/convert.go:105.45,107.32 2 1
github.com/scaleway/scaleway-sdk-go/scw/convert.go:107.32,109.3 1 1
github.com/scaleway/scaleway-sdk-go/scw/convert.go:110.2,110.12 1 1
github.com/scaleway/scaleway-sdk-go/scw/convert.go:114.34,116.2 1 1
github.com/scaleway/scaleway-sdk-go/scw/convert.go:120.45,122.32 2 1
github.com/scaleway/scaleway-sdk-go/scw/convert.go:122.32,124.3 1 1
github.com/scaleway/scaleway-sdk-go/scw/convert.go:125.2,125.12 1 1
github.com/scaleway/scaleway-sdk-go/scw/convert.go:129.37,131.2 1 1
github.com/scaleway/scaleway-sdk-go/scw/convert.go:135.48,137.32 2 1
github.com/scaleway/scaleway-sdk-go/scw/convert.go:137.32,139.3 1 1
github.com/scaleway/scaleway-sdk-go/scw/convert.go:140.2,140.12 1 1
github.com/scaleway/scaleway-sdk-go/scw/convert.go:144.37,146.2 1 1
github.com/scaleway/scaleway-sdk-go/scw/convert.go:150.48,152.32 2 1
github.com/scaleway/scaleway-sdk-go/scw/convert.go:152.32,154.3 1 1
github.com/scaleway/scaleway-sdk-go/scw/convert.go:155.2,155.12 1 1
github.com/scaleway/scaleway-sdk-go/scw/convert.go:159.54,161.2 1 2
github.com/scaleway/scaleway-sdk-go/scw/convert.go:164.38,166.2 1 1
github.com/scaleway/scaleway-sdk-go/scw/convert.go:169.28,171.2 1 1
github.com/scaleway/scaleway-sdk-go/scw/convert.go:174.30,176.2 1 0
github.com/scaleway/scaleway-sdk-go/scw/custom_types.go:46.46,48.22 2 3
github.com/scaleway/scaleway-sdk-go/scw/custom_types.go:48.22,50.17 2 1
github.com/scaleway/scaleway-sdk-go/scw/custom_types.go:50.17,52.4 1 0
github.com/scaleway/scaleway-sdk-go/scw/custom_types.go:55.2,65.30 2 3
github.com/scaleway/scaleway-sdk-go/scw/custom_types.go:68.46,76.16 4 3
github.com/scaleway/scaleway-sdk-go/scw/custom_types.go:76.16,78.3 1 0
github.com/scaleway/scaleway-sdk-go/scw/custom_types.go:80.2,83.12 3 3
github.com/scaleway/scaleway-sdk-go/scw/custom_types.go:113.82,114.19 1 8
github.com/scaleway/scaleway-sdk-go/scw/custom_types.go:114.19,115.42 1 0
github.com/scaleway/scaleway-sdk-go/scw/custom_types.go:118.2,120.16 3 8
github.com/scaleway/scaleway-sdk-go/scw/custom_types.go:120.16,121.13 1 0
github.com/scaleway/scaleway-sdk-go/scw/custom_types.go:124.2,128.3 1 8
github.com/scaleway/scaleway-sdk-go/scw/custom_types.go:132.32,139.24 3 15
github.com/scaleway/scaleway-sdk-go/scw/custom_types.go:139.24,142.3 2 1
github.com/scaleway/scaleway-sdk-go/scw/custom_types.go:144.2,147.62 3 15
github.com/scaleway/scaleway-sdk-go/scw/custom_types.go:151.34,153.2 1 0
github.com/scaleway/scaleway-sdk-go/scw/custom_types.go:168.31,170.2 1 2
github.com/scaleway/scaleway-sdk-go/scw/custom_types.go:190.58,193.16 3 2
github.com/scaleway/scaleway-sdk-go/scw/custom_types.go:193.16,195.3 1 0
github.com/scaleway/scaleway-sdk-go/scw/custom_types.go:197.2,197.67 1 2
github.com/scaleway/scaleway-sdk-go/scw/custom_types.go:200.59,204.16 3 3
github.com/scaleway/scaleway-sdk-go/scw/custom_types.go:204.16,206.3 1 0
github.com/scaleway/scaleway-sdk-go/scw/custom_types.go:208.2,208.21 1 3
github.com/scaleway/scaleway-sdk-go/scw/custom_types.go:208.21,210.3 1 0
github.com/scaleway/scaleway-sdk-go/scw/custom_types.go:212.2,213.21 2 3
github.com/scaleway/scaleway-sdk-go/scw/custom_types.go:213.21,215.3 1 0
github.com/scaleway/scaleway-sdk-go/scw/custom_types.go:216.2,217.16 2 3
github.com/scaleway/scaleway-sdk-go/scw/custom_types.go:217.16,219.3 1 1
github.com/scaleway/scaleway-sdk-go/scw/custom_types.go:220.2,224.14 3 2
github.com/scaleway/scaleway-sdk-go/scw/custom_types.go:224.14,226.3 1 0
github.com/scaleway/scaleway-sdk-go/scw/custom_types.go:227.2,229.12 2 2
github.com/scaleway/scaleway-sdk-go/scw/custom_types.go:237.46,239.22 2 3
github.com/scaleway/scaleway-sdk-go/scw/custom_types.go:239.22,241.3 1 0
github.com/scaleway/scaleway-sdk-go/scw/custom_types.go:242.2,242.39 1 3
github.com/scaleway/scaleway-sdk-go/scw/custom_types.go:245.47,249.16 3 7
github.com/scaleway/scaleway-sdk-go/scw/custom_types.go:249.16,251.3 1 0
github.com/scaleway/scaleway-sdk-go/scw/custom_types.go:252.2,252.15 1 7
github.com/scaleway/scaleway-sdk-go/scw/custom_types.go:252.15,255.3 2 0
github.com/scaleway/scaleway-sdk-go/scw/custom_types.go:257.2,257.33 1 7
github.com/scaleway/scaleway-sdk-go/scw/custom_types.go:258.23,259.15 1 1
github.com/scaleway/scaleway-sdk-go/scw/custom_types.go:260.24,261.16 1 1
github.com/scaleway/scaleway-sdk-go/scw/custom_types.go:264.2,265.16 2 7
github.com/scaleway/scaleway-sdk-go/scw/custom_types.go:265.16,267.3 1 1
github.com/scaleway/scaleway-sdk-go/scw/custom_types.go:268.2,271.12 3 6
github.com/scaleway/scaleway-sdk-go/scw/custom_types.go:285.52,286.14 1 8
github.com/scaleway/scaleway-sdk-go/scw/custom_types.go:286.14,288.3 1 1
github.com/scaleway/scaleway-sdk-go/scw/custom_types.go:289.2,290.22 2 7
github.com/scaleway/scaleway-sdk-go/scw/custom_types.go:293.49,295.15 2 9
github.com/scaleway/scaleway-sdk-go/scw/custom_types.go:295.15,297.3 1 3
github.com/scaleway/scaleway-sdk-go/scw/custom_types.go:299.2,299.75 1 9
github.com/scaleway/scaleway-sdk-go/scw/custom_types.go:302.50,303.25 1 10
github.com/scaleway/scaleway-sdk-go/scw/custom_types.go:303.25,305.3 1 0
github.com/scaleway/scaleway-sdk-go/scw/custom_types.go:306.2,309.16 3 10
github.com/scaleway/scaleway-sdk-go/scw/custom_types.go:309.16,311.3 1 0
github.com/scaleway/scaleway-sdk-go/scw/custom_types.go:312.2,312.15 1 10
github.com/scaleway/scaleway-sdk-go/scw/custom_types.go:312.15,315.3 2 0
github.com/scaleway/scaleway-sdk-go/scw/custom_types.go:317.2,318.16 2 10
github.com/scaleway/scaleway-sdk-go/scw/custom_types.go:318.16,320.3 1 2
github.com/scaleway/scaleway-sdk-go/scw/custom_types.go:322.2,327.12 2 8
github.com/scaleway/scaleway-sdk-go/scw/custom_types.go:330.61,337.2 3 7
github.com/scaleway/scaleway-sdk-go/scw/custom_types.go:344.75,349.16 3 18
github.com/scaleway/scaleway-sdk-go/scw/custom_types.go:349.16,351.3 1 1
github.com/scaleway/scaleway-sdk-go/scw/custom_types.go:354.2,354.21 1 17
github.com/scaleway/scaleway-sdk-go/scw/custom_types.go:354.21,360.17 3 16
github.com/scaleway/scaleway-sdk-go/scw/custom_types.go:360.17,362.4 1 1
github.com/scaleway/scaleway-sdk-go/scw/custom_types.go:364.3,364.19 1 15
github.com/scaleway/scaleway-sdk-go/scw/custom_types.go:367.2,367.15 1 16
github.com/scaleway/scaleway-sdk-go/scw/custom_types.go:367.15,369.3 1 4
github.com/scaleway/scaleway-sdk-go/scw/custom_types.go:371.2,371.26 1 16
github.com/scaleway/scaleway-sdk-go/scw/custom_types.go:400.72,404.16 3 2
github.com/scaleway/scaleway-sdk-go/scw/custom_types.go:405.16,406.16 1 2
github.com/scaleway/scaleway-sdk-go/scw/custom_types.go:407.20,408.46 1 0
github.com/scaleway/scaleway-sdk-go/scw/custom_types.go:409.20,412.16 3 0
github.com/scaleway/scaleway-sdk-go/scw/custom_types.go:413.10,414.84 1 0
github.com/scaleway/scaleway-sdk-go/scw/custom_types.go:417.2,417.16 1 2
github.com/scaleway/scaleway-sdk-go/scw/custom_types.go:417.16,419.3 1 0
github.com/scaleway/scaleway-sdk-go/scw/custom_types.go:421.2,423.16 3 2
github.com/scaleway/scaleway-sdk-go/scw/custom_types.go:423.16,425.3 1 0
github.com/scaleway/scaleway-sdk-go/scw/custom_types.go:427.2,427.15 1 2
github.com/scaleway/scaleway-sdk-go/scw/custom_types.go:434.72,436.16 2 2
github.com/scaleway/scaleway-sdk-go/scw/custom_types.go:436.16,438.3 1 0
github.com/scaleway/scaleway-sdk-go/scw/custom_types.go:440.2,440.16 1 2
github.com/scaleway/scaleway-sdk-go/scw/custom_types.go:441.16,442.24 1 2
github.com/scaleway/scaleway-sdk-go/scw/custom_types.go:443.20,444.51 1 0
github.com/scaleway/scaleway-sdk-go/scw/custom_types.go:445.20,446.39 1 0
github.com/scaleway/scaleway-sdk-go/scw/custom_types.go:449.2,449.83 1 0
github.com/scaleway/scaleway-sdk-go/scw/custom_types.go:460.34,462.2 1 6
github.com/scaleway/scaleway-sdk-go/scw/custom_types.go:464.48,468.2 1 1
github.com/scaleway/scaleway-sdk-go/scw/custom_types.go:470.49,476.16 3 1
github.com/scaleway/scaleway-sdk-go/scw/custom_types.go:476.16,478.3 1 0
github.com/scaleway/scaleway-sdk-go/scw/custom_types.go:480.2,482.12 2 1
github.com/scaleway/scaleway-sdk-go/scw/env.go:64.32,68.14 3 5
github.com/scaleway/scaleway-sdk-go/scw/env.go:68.14,70.3 1 4
github.com/scaleway/scaleway-sdk-go/scw/env.go:72.2,73.14 2 5
github.com/scaleway/scaleway-sdk-go/scw/env.go:73.14,75.3 1 5
github.com/scaleway/scaleway-sdk-go/scw/env.go:77.2,78.14 2 5
github.com/scaleway/scaleway-sdk-go/scw/env.go:78.14,80.3 1 3
github.com/scaleway/scaleway-sdk-go/scw/env.go:82.2,83.14 2 5
github.com/scaleway/scaleway-sdk-go/scw/env.go:83.14,85.3 1 1
github.com/scaleway/scaleway-sdk-go/scw/env.go:87.2,88.14 2 5
github.com/scaleway/scaleway-sdk-go/scw/env.go:88.14,90.17 2 2
github.com/scaleway/scaleway-sdk-go/scw/env.go:90.17,92.4 1 0
github.com/scaleway/scaleway-sdk-go/scw/env.go:94.3,94.32 1 2
github.com/scaleway/scaleway-sdk-go/scw/env.go:94.32,96.4 1 1
github.com/scaleway/scaleway-sdk-go/scw/env.go:98.3,98.25 1 2
github.com/scaleway/scaleway-sdk-go/scw/env.go:101.2,102.14 2 5
github.com/scaleway/scaleway-sdk-go/scw/env.go:102.14,104.3 1 5
github.com/scaleway/scaleway-sdk-go/scw/env.go:106.2,107.14 2 5
github.com/scaleway/scaleway-sdk-go/scw/env.go:107.14,109.3 1 3
github.com/scaleway/scaleway-sdk-go/scw/env.go:111.2,112.14 2 5
github.com/scaleway/scaleway-sdk-go/scw/env.go:112.14,115.3 2 5
github.com/scaleway/scaleway-sdk-go/scw/env.go:117.2,118.14 2 5
github.com/scaleway/scaleway-sdk-go/scw/env.go:118.14,120.3 1 3
github.com/scaleway/scaleway-sdk-go/scw/env.go:122.2,122.10 1 5
github.com/scaleway/scaleway-sdk-go/scw/env.go:131.40,132.49 1 4
github.com/scaleway/scaleway-sdk-go/scw/env.go:132.49,134.3 1 2
github.com/scaleway/scaleway-sdk-go/scw/env.go:136.2,136.34 1 2
github.com/scaleway/scaleway-sdk-go/scw/env.go:139.82,141.11 2 45
github.com/scaleway/scaleway-sdk-go/scw/env.go:141.11,144.3 2 23
github.com/scaleway/scaleway-sdk-go/scw/env.go:146.2,146.37 1 22
github.com/scaleway/scaleway-sdk-go/scw/env.go:146.37,148.12 2 15
github.com/scaleway/scaleway-sdk-go/scw/env.go:148.12,152.4 3 8
github.com/scaleway/scaleway-sdk-go/scw/env.go:155.2,155.22 1 14
github.com/scaleway/scaleway-sdk-go/scw/env.go:158.41,159.16 1 5
github.com/scaleway/scaleway-sdk-go/scw/env.go:160.21,162.18 2 0
github.com/scaleway/scaleway-sdk-go/scw/env.go:163.21,165.18 2 0
github.com/scaleway/scaleway-sdk-go/scw/env.go:166.10,167.16 1 5
github.com/scaleway/scaleway-sdk-go/scw/errors.go:45.55,50.16 4 8
github.com/scaleway/scaleway-sdk-go/scw/errors.go:50.16,52.3 1 0
github.com/scaleway/scaleway-sdk-go/scw/errors.go:53.2,54.12 2 8
github.com/scaleway/scaleway-sdk-go/scw/errors.go:58.42,58.43 0 0
github.com/scaleway/scaleway-sdk-go/scw/errors.go:60.40,63.22 2 0
github.com/scaleway/scaleway-sdk-go/scw/errors.go:63.22,65.3 1 0
github.com/scaleway/scaleway-sdk-go/scw/errors.go:67.2,67.21 1 0
github.com/scaleway/scaleway-sdk-go/scw/errors.go:67.21,69.3 1 0
github.com/scaleway/scaleway-sdk-go/scw/errors.go:71.2,71.23 1 0
github.com/scaleway/scaleway-sdk-go/scw/errors.go:71.23,73.3 1 0
github.com/scaleway/scaleway-sdk-go/scw/errors.go:75.2,75.10 1 0
github.com/scaleway/scaleway-sdk-go/scw/errors.go:78.54,80.2 1 0
github.com/scaleway/scaleway-sdk-go/scw/errors.go:83.49,84.52 1 11
github.com/scaleway/scaleway-sdk-go/scw/errors.go:84.52,86.3 1 1
github.com/scaleway/scaleway-sdk-go/scw/errors.go:88.2,93.21 2 10
github.com/scaleway/scaleway-sdk-go/scw/errors.go:93.21,95.3 1 1
github.com/scaleway/scaleway-sdk-go/scw/errors.go:97.2,98.16 2 9
github.com/scaleway/scaleway-sdk-go/scw/errors.go:98.16,100.3 1 0
github.com/scaleway/scaleway-sdk-go/scw/errors.go:101.2,105.57 3 9
github.com/scaleway/scaleway-sdk-go/scw/errors.go:105.57,108.3 2 1
github.com/scaleway/scaleway-sdk-go/scw/errors.go:110.2,111.16 2 8
github.com/scaleway/scaleway-sdk-go/scw/errors.go:111.16,113.3 1 0
github.com/scaleway/scaleway-sdk-go/scw/errors.go:115.2,116.16 2 8
github.com/scaleway/scaleway-sdk-go/scw/errors.go:116.16,118.3 1 0
github.com/scaleway/scaleway-sdk-go/scw/errors.go:120.2,121.16 2 8
github.com/scaleway/scaleway-sdk-go/scw/errors.go:121.16,123.3 1 5
github.com/scaleway/scaleway-sdk-go/scw/errors.go:125.2,125.15 1 3
github.com/scaleway/scaleway-sdk-go/scw/errors.go:128.66,131.19 2 8
github.com/scaleway/scaleway-sdk-go/scw/errors.go:132.27,133.49 1 0
github.com/scaleway/scaleway-sdk-go/scw/errors.go:134.25,135.47 1 0
github.com/scaleway/scaleway-sdk-go/scw/errors.go:136.25,137.47 1 0
github.com/scaleway/scaleway-sdk-go/scw/errors.go:138.19,139.49 1 0
github.com/scaleway/scaleway-sdk-go/scw/errors.go:140.16,141.47 1 0
github.com/scaleway/scaleway-sdk-go/scw/errors.go:142.28,143.50 1 0
github.com/scaleway/scaleway-sdk-go/scw/errors.go:144.22,145.43 1 0
github.com/scaleway/scaleway-sdk-go/scw/errors.go:146.26,147.48 1 0
github.com/scaleway/scaleway-sdk-go/scw/errors.go:148.31,149.53 1 0
github.com/scaleway/scaleway-sdk-go/scw/errors.go:150.29,151.51 1 0
github.com/scaleway/scaleway-sdk-go/scw/errors.go:152.10,153.13 1 8
github.com/scaleway/scaleway-sdk-go/scw/errors.go:156.2,157.16 2 0
github.com/scaleway/scaleway-sdk-go/scw/errors.go:157.16,159.3 1 0
github.com/scaleway/scaleway-sdk-go/scw/errors.go:161.2,161.15 1 0
github.com/scaleway/scaleway-sdk-go/scw/errors.go:164.69,165.19 1 8
github.com/scaleway/scaleway-sdk-go/scw/errors.go:168.26,171.17 3 3
github.com/scaleway/scaleway-sdk-go/scw/errors.go:171.17,173.4 1 0
github.com/scaleway/scaleway-sdk-go/scw/errors.go:174.3,174.56 1 3
github.com/scaleway/scaleway-sdk-go/scw/errors.go:176.31,179.17 3 3
github.com/scaleway/scaleway-sdk-go/scw/errors.go:179.17,181.4 1 0
github.com/scaleway/scaleway-sdk-go/scw/errors.go:183.3,184.35 2 3
github.com/scaleway/scaleway-sdk-go/scw/errors.go:184.35,186.4 1 1
github.com/scaleway/scaleway-sdk-go/scw/errors.go:188.3,189.33 2 2
github.com/scaleway/scaleway-sdk-go/scw/errors.go:189.33,191.4 1 1
github.com/scaleway/scaleway-sdk-go/scw/errors.go:195.3,195.13 1 1
github.com/scaleway/scaleway-sdk-go/scw/errors.go:197.10,198.13 1 2
github.com/scaleway/scaleway-sdk-go/scw/errors.go:215.50,215.51 0 0
github.com/scaleway/scaleway-sdk-go/scw/errors.go:217.48,219.30 2 0
github.com/scaleway/scaleway-sdk-go/scw/errors.go:219.30,221.19 2 0
github.com/scaleway/scaleway-sdk-go/scw/errors.go:222.18,223.57 1 0
github.com/scaleway/scaleway-sdk-go/scw/errors.go:224.19,225.36 1 0
github.com/scaleway/scaleway-sdk-go/scw/errors.go:226.17,227.45 1 0
github.com/scaleway/scaleway-sdk-go/scw/errors.go:228.21,229.52 1 0
github.com/scaleway/scaleway-sdk-go/scw/errors.go:231.3,231.26 1 0
github.com/scaleway/scaleway-sdk-go/scw/errors.go:231.26,233.4 1 0
github.com/scaleway/scaleway-sdk-go/scw/errors.go:236.2,236.83 1 0
github.com/scaleway/scaleway-sdk-go/scw/errors.go:239.62,241.2 1 0
github.com/scaleway/scaleway-sdk-go/scw/errors.go:251.76,259.28 3 3
github.com/scaleway/scaleway-sdk-go/scw/errors.go:259.28,261.3 1 1
github.com/scaleway/scaleway-sdk-go/scw/errors.go:263.2,263.27 1 3
github.com/scaleway/scaleway-sdk-go/scw/errors.go:264.9,265.48 1 0
github.com/scaleway/scaleway-sdk-go/scw/errors.go:266.9,269.112 2 3
github.com/scaleway/scaleway-sdk-go/scw/errors.go:270.10,271.13 1 0
github.com/scaleway/scaleway-sdk-go/scw/errors.go:273.2,273.53 1 3
github.com/scaleway/scaleway-sdk-go/scw/errors.go:273.53,275.3 1 0
github.com/scaleway/scaleway-sdk-go/scw/errors.go:276.2,276.25 1 3
github.com/scaleway/scaleway-sdk-go/scw/errors.go:292.80,294.24 1 3
github.com/scaleway/scaleway-sdk-go/scw/errors.go:294.24,296.3 1 2
github.com/scaleway/scaleway-sdk-go/scw/errors.go:298.2,302.34 3 1
github.com/scaleway/scaleway-sdk-go/scw/errors.go:302.34,304.3 1 2
github.com/scaleway/scaleway-sdk-go/scw/errors.go:305.2,306.39 2 1
github.com/scaleway/scaleway-sdk-go/scw/errors.go:306.39,307.47 1 2
github.com/scaleway/scaleway-sdk-go/scw/errors.go:307.47,313.4 1 2
github.com/scaleway/scaleway-sdk-go/scw/errors.go:315.2,315.25 1 1
github.com/scaleway/scaleway-sdk-go/scw/errors.go:318.76,319.87 1 2
github.com/scaleway/scaleway-sdk-go/scw/errors.go:319.87,321.3 1 1
github.com/scaleway/scaleway-sdk-go/scw/errors.go:323.2,332.3 1 1
github.com/scaleway/scaleway-sdk-go/scw/errors.go:347.48,347.49 0 0
github.com/scaleway/scaleway-sdk-go/scw/errors.go:349.46,351.30 2 0
github.com/scaleway/scaleway-sdk-go/scw/errors.go:351.30,353.3 1 0
github.com/scaleway/scaleway-sdk-go/scw/errors.go:355.2,355.81 1 0
github.com/scaleway/scaleway-sdk-go/scw/errors.go:358.60,360.2 1 0
github.com/scaleway/scaleway-sdk-go/scw/errors.go:372.51,372.52 0 0
github.com/scaleway/scaleway-sdk-go/scw/errors.go:374.49,376.30 2 0
github.com/scaleway/scaleway-sdk-go/scw/errors.go:376.30,378.3 1 0
github.com/scaleway/scaleway-sdk-go/scw/errors.go:380.2,380.88 1 0
github.com/scaleway/scaleway-sdk-go/scw/errors.go:383.63,385.2 1 0
github.com/scaleway/scaleway-sdk-go/scw/errors.go:396.48,396.49 0 0
github.com/scaleway/scaleway-sdk-go/scw/errors.go:398.46,400.2 1 0
github.com/scaleway/scaleway-sdk-go/scw/errors.go:402.60,404.2 1 0
github.com/scaleway/scaleway-sdk-go/scw/errors.go:414.50,414.51 0 0
github.com/scaleway/scaleway-sdk-go/scw/errors.go:416.48,418.2 1 0
github.com/scaleway/scaleway-sdk-go/scw/errors.go:420.62,422.2 1 0
github.com/scaleway/scaleway-sdk-go/scw/errors.go:432.48,432.49 0 0
github.com/scaleway/scaleway-sdk-go/scw/errors.go:434.46,436.2 1 0
github.com/scaleway/scaleway-sdk-go/scw/errors.go:438.60,440.2 1 0
github.com/scaleway/scaleway-sdk-go/scw/errors.go:449.44,449.45 0 0
github.com/scaleway/scaleway-sdk-go/scw/errors.go:451.42,453.2 1 0
github.com/scaleway/scaleway-sdk-go/scw/errors.go:455.56,457.2 1 0
github.com/scaleway/scaleway-sdk-go/scw/errors.go:464.85,466.2 1 15
github.com/scaleway/scaleway-sdk-go/scw/errors.go:469.52,469.53 0 0
github.com/scaleway/scaleway-sdk-go/scw/errors.go:471.50,473.2 1 15
github.com/scaleway/scaleway-sdk-go/scw/errors.go:480.63,482.2 1 4
github.com/scaleway/scaleway-sdk-go/scw/errors.go:485.51,485.52 0 0
github.com/scaleway/scaleway-sdk-go/scw/errors.go:487.49,489.2 1 2
github.com/scaleway/scaleway-sdk-go/scw/errors.go:500.46,502.2 1 0
github.com/scaleway/scaleway-sdk-go/scw/errors.go:504.48,504.49 0 0
github.com/scaleway/scaleway-sdk-go/scw/errors.go:514.51,518.18 3 0
github.com/scaleway/scaleway-sdk-go/scw/errors.go:519.24,520.28 1 0
github.com/scaleway/scaleway-sdk-go/scw/errors.go:521.13,522.17 1 0
github.com/scaleway/scaleway-sdk-go/scw/errors.go:523.17,524.21 1 0
github.com/scaleway/scaleway-sdk-go/scw/errors.go:527.2,527.18 1 0
github.com/scaleway/scaleway-sdk-go/scw/errors.go:528.24,529.28 1 0
github.com/scaleway/scaleway-sdk-go/scw/errors.go:530.26,531.58 1 0
github.com/scaleway/scaleway-sdk-go/scw/errors.go:532.19,533.38 1 0
github.com/scaleway/scaleway-sdk-go/scw/errors.go:534.17,535.34 1 0
github.com/scaleway/scaleway-sdk-go/scw/errors.go:537.2,537.60 1 0
github.com/scaleway/scaleway-sdk-go/scw/errors.go:540.53,540.54 0 0
github.com/scaleway/scaleway-sdk-go/scw/errors.go:550.49,552.24 2 0
github.com/scaleway/scaleway-sdk-go/scw/errors.go:553.30,554.31 1 0
github.com/scaleway/scaleway-sdk-go/scw/errors.go:555.31,556.35 1 0
github.com/scaleway/scaleway-sdk-go/scw/errors.go:557.31,558.32 1 0
github.com/scaleway/scaleway-sdk-go/scw/errors.go:560.2,560.25 1 0
github.com/scaleway/scaleway-sdk-go/scw/errors.go:560.25,562.3 1 0
github.com/scaleway/scaleway-sdk-go/scw/errors.go:564.2,564.55 1 0
github.com/scaleway/scaleway-sdk-go/scw/errors.go:567.51,567.52 0 0
github.com/scaleway/scaleway-sdk-go/scw/locality.go:57.32,58.29 1 8
github.com/scaleway/scaleway-sdk-go/scw/locality.go:58.29,59.16 1 56
github.com/scaleway/scaleway-sdk-go/scw/locality.go:59.16,61.4 1 7
github.com/scaleway/scaleway-sdk-go/scw/locality.go:63.2,63.14 1 1
github.com/scaleway/scaleway-sdk-go/scw/locality.go:67.34,69.2 1 2
github.com/scaleway/scaleway-sdk-go/scw/locality.go:73.43,75.33 2 0
github.com/scaleway/scaleway-sdk-go/scw/locality.go:75.33,77.3 1 0
github.com/scaleway/scaleway-sdk-go/scw/locality.go:78.2,79.73 2 0
github.com/scaleway/scaleway-sdk-go/scw/locality.go:105.36,106.31 1 3
github.com/scaleway/scaleway-sdk-go/scw/locality.go:106.31,107.18 1 8
github.com/scaleway/scaleway-sdk-go/scw/locality.go:107.18,109.4 1 2
github.com/scaleway/scaleway-sdk-go/scw/locality.go:111.2,111.14 1 1
github.com/scaleway/scaleway-sdk-go/scw/locality.go:115.40,116.16 1 0
github.com/scaleway/scaleway-sdk-go/scw/locality.go:117.19,118.52 1 0
github.com/scaleway/scaleway-sdk-go/scw/locality.go:119.19,120.52 1 0
github.com/scaleway/scaleway-sdk-go/scw/locality.go:121.19,122.52 1 0
github.com/scaleway/scaleway-sdk-go/scw/locality.go:123.19,124.28 1 0
github.com/scaleway/scaleway-sdk-go/scw/locality.go:125.10,126.18 1 0
github.com/scaleway/scaleway-sdk-go/scw/locality.go:131.43,132.14 1 14
github.com/scaleway/scaleway-sdk-go/scw/locality.go:133.14,136.25 1 2
github.com/scaleway/scaleway-sdk-go/scw/locality.go:137.14,140.25 1 1
github.com/scaleway/scaleway-sdk-go/scw/locality.go:141.10,142.31 1 11
github.com/scaleway/scaleway-sdk-go/scw/locality.go:142.31,144.31 2 3
github.com/scaleway/scaleway-sdk-go/scw/locality.go:144.31,146.5 1 30
github.com/scaleway/scaleway-sdk-go/scw/locality.go:147.4,147.96 1 3
github.com/scaleway/scaleway-sdk-go/scw/locality.go:150.3,151.24 2 8
github.com/scaleway/scaleway-sdk-go/scw/locality.go:151.24,153.4 1 1
github.com/scaleway/scaleway-sdk-go/scw/locality.go:154.3,154.22 1 8
github.com/scaleway/scaleway-sdk-go/scw/locality.go:160.53,164.16 3 1
github.com/scaleway/scaleway-sdk-go/scw/locality.go:164.16,166.3 1 0
github.com/scaleway/scaleway-sdk-go/scw/locality.go:169.2,169.23 1 1
github.com/scaleway/scaleway-sdk-go/scw/locality.go:169.23,171.3 1 0
github.com/scaleway/scaleway-sdk-go/scw/locality.go:174.2,175.16 2 1
github.com/scaleway/scaleway-sdk-go/scw/locality.go:175.16,177.3 1 0
github.com/scaleway/scaleway-sdk-go/scw/locality.go:178.2,178.12 1 1
github.com/scaleway/scaleway-sdk-go/scw/locality.go:182.49,183.16 1 8
github.com/scaleway/scaleway-sdk-go/scw/locality.go:184.14,187.26 1 2
github.com/scaleway/scaleway-sdk-go/scw/locality.go:188.14,191.26 1 1
github.com/scaleway/scaleway-sdk-go/scw/locality.go:192.10,193.35 1 5
github.com/scaleway/scaleway-sdk-go/scw/locality.go:193.35,195.33 2 2
github.com/scaleway/scaleway-sdk-go/scw/locality.go:195.33,197.5 1 8
github.com/scaleway/scaleway-sdk-go/scw/locality.go:198.4,198.102 1 2
github.com/scaleway/scaleway-sdk-go/scw/locality.go:201.3,202.26 2 3
github.com/scaleway/scaleway-sdk-go/scw/locality.go:202.26,204.4 1 1
github.com/scaleway/scaleway-sdk-go/scw/locality.go:205.3,205.24 1 3
github.com/scaleway/scaleway-sdk-go/scw/locality.go:211.57,215.16 3 1
github.com/scaleway/scaleway-sdk-go/scw/locality.go:215.16,217.3 1 0
github.com/scaleway/scaleway-sdk-go/scw/locality.go:220.2,220.23 1 1
github.com/scaleway/scaleway-sdk-go/scw/locality.go:220.23,222.3 1 0
github.com/scaleway/scaleway-sdk-go/scw/locality.go:225.2,226.16 2 1
github.com/scaleway/scaleway-sdk-go/scw/locality.go:226.16,228.3 1 0
github.com/scaleway/scaleway-sdk-go/scw/locality.go:229.2,229.12 1 1
github.com/scaleway/scaleway-sdk-go/scw/locality.go:233.38,235.2 1 4
github.com/scaleway/scaleway-sdk-go/scw/path.go:29.33,31.9 2 0
github.com/scaleway/scaleway-sdk-go/scw/path.go:32.39,33.39 1 0
github.com/scaleway/scaleway-sdk-go/scw/path.go:34.39,35.61 1 0
github.com/scaleway/scaleway-sdk-go/scw/path.go:36.39,37.71 1 0
github.com/scaleway/scaleway-sdk-go/scw/path.go:38.42,39.74 1 0
github.com/scaleway/scaleway-sdk-go/scw/path.go:40.10,40.10 0 0
github.com/scaleway/scaleway-sdk-go/scw/path.go:45.2,45.33 1 0
github.com/scaleway/scaleway-sdk-go/scw/path.go:54.29,56.22 2 26
github.com/scaleway/scaleway-sdk-go/scw/path.go:56.22,58.3 1 19
github.com/scaleway/scaleway-sdk-go/scw/path.go:59.2,59.35 1 26
github.com/scaleway/scaleway-sdk-go/scw/path.go:63.43,65.16 2 19
github.com/scaleway/scaleway-sdk-go/scw/path.go:65.16,67.3 1 1
github.com/scaleway/scaleway-sdk-go/scw/path.go:68.2,68.78 1 18
github.com/scaleway/scaleway-sdk-go/scw/path.go:72.40,73.58 1 19
github.com/scaleway/scaleway-sdk-go/scw/path.go:73.58,75.3 1 1
github.com/scaleway/scaleway-sdk-go/scw/path.go:77.2,78.16 2 18
github.com/scaleway/scaleway-sdk-go/scw/path.go:78.16,80.3 1 1
github.com/scaleway/scaleway-sdk-go/scw/path.go:81.2,81.54 1 17
github.com/scaleway/scaleway-sdk-go/scw/request.go:32.70,34.16 2 2
github.com/scaleway/scaleway-sdk-go/scw/request.go:34.16,36.3 1 0
github.com/scaleway/scaleway-sdk-go/scw/request.go:37.2,39.17 2 2
github.com/scaleway/scaleway-sdk-go/scw/request.go:44.53,48.26 3 2
github.com/scaleway/scaleway-sdk-go/scw/request.go:49.13,51.22 2 1
github.com/scaleway/scaleway-sdk-go/scw/request.go:52.17,54.14 2 0
github.com/scaleway/scaleway-sdk-go/scw/request.go:55.10,57.17 2 1
github.com/scaleway/scaleway-sdk-go/scw/request.go:57.17,59.4 1 0
github.com/scaleway/scaleway-sdk-go/scw/request.go:60.3,61.33 2 1
github.com/scaleway/scaleway-sdk-go/scw/request.go:64.2,64.24 1 2
github.com/scaleway/scaleway-sdk-go/scw/request.go:64.24,66.3 1 0
github.com/scaleway/scaleway-sdk-go/scw/request.go:68.2,71.12 3 2
github.com/scaleway/scaleway-sdk-go/scw/request.go:74.57,75.27 1 1
github.com/scaleway/scaleway-sdk-go/scw/request.go:75.27,77.3 1 0
github.com/scaleway/scaleway-sdk-go/scw/request.go:80.46,83.2 1 1
github.com/scaleway/scaleway-sdk-go/scw/request.go:85.54,95.22 2 0
github.com/scaleway/scaleway-sdk-go/scw/request.go:95.22,97.3 1 0
github.com/scaleway/scaleway-sdk-go/scw/request.go:98.2,98.18 1 0
github.com/scaleway/scaleway-sdk-go/scw/request_header.go:12.107,14.16 2 3
github.com/scaleway/scaleway-sdk-go/scw/request_header.go:14.16,16.3 1 0
github.com/scaleway/scaleway-sdk-go/scw/request_header.go:16.8,18.3 1 3
github.com/scaleway/scaleway-sdk-go/scw/request_header.go:20.2,21.21 2 3
github.com/scaleway/scaleway-sdk-go/scw/request_header.go:21.21,23.3 1 1
github.com/scaleway/scaleway-sdk-go/scw/request_header.go:24.2,24.38 1 3
github.com/scaleway/scaleway-sdk-go/scw/request_header.go:24.38,26.27 2 2
github.com/scaleway/scaleway-sdk-go/scw/request_header.go:26.27,28.4 1 2
github.com/scaleway/scaleway-sdk-go/scw/request_header.go:31.2,31.19 1 3
github.com/scaleway/scaleway-sdk-go/scw/request_option.go:13.53,14.34 1 0
github.com/scaleway/scaleway-sdk-go/scw/request_option.go:14.34,16.3 1 0
github.com/scaleway/scaleway-sdk-go/scw/request_option.go:21.35,22.34 1 0
github.com/scaleway/scaleway-sdk-go/scw/request_option.go:22.34,24.3 1 0
github.com/scaleway/scaleway-sdk-go/scw/request_option.go:28.65,29.34 1 0
github.com/scaleway/scaleway-sdk-go/scw/request_option.go:29.34,31.3 1 0
github.com/scaleway/scaleway-sdk-go/scw/request_option.go:37.45,38.34 1 0
github.com/scaleway/scaleway-sdk-go/scw/request_option.go:38.34,40.3 1 0
github.com/scaleway/scaleway-sdk-go/scw/request_option.go:46.51,47.34 1 0
github.com/scaleway/scaleway-sdk-go/scw/request_option.go:47.34,49.3 1 0
github.com/scaleway/scaleway-sdk-go/scw/transport.go:20.91,32.16 6 0
github.com/scaleway/scaleway-sdk-go/scw/transport.go:32.16,34.3 1 0
github.com/scaleway/scaleway-sdk-go/scw/transport.go:34.8,41.3 5 0
github.com/scaleway/scaleway-sdk-go/scw/transport.go:44.2,46.25 3 0
github.com/scaleway/scaleway-sdk-go/scw/transport.go:46.25,48.18 2 0
github.com/scaleway/scaleway-sdk-go/scw/transport.go:48.18,50.4 1 0
github.com/scaleway/scaleway-sdk-go/scw/transport.go:53.2,54.16 2 0
github.com/scaleway/scaleway-sdk-go/scw/transport.go:54.16,56.3 1 0
github.com/scaleway/scaleway-sdk-go/scw/transport.go:56.8,63.3 5 0
github.com/scaleway/scaleway-sdk-go/scw/transport.go:65.2,65.31 1 0
github.com/scaleway/scaleway-sdk-go/scw/version.go:17.26,18.26 1 16
github.com/scaleway/scaleway-sdk-go/scw/version.go:18.26,21.9 3 1
github.com/scaleway/scaleway-sdk-go/scw/version.go:21.9,22.31 1 1
github.com/scaleway/scaleway-sdk-go/scw/version.go:22.31,23.25 1 0
github.com/scaleway/scaleway-sdk-go/scw/version.go:23.25,25.6 1 0
github.com/scaleway/scaleway-sdk-go/scw/version.go:29.3,29.32 1 1
github.com/scaleway/scaleway-sdk-go/scw/version.go:32.2,32.26 1 16
github.com/scaleway/scaleway-sdk-go/scw/version.go:32.26,34.3 1 0
github.com/scaleway/scaleway-sdk-go/scw/version.go:36.2,36.23 1 16
